"raw_text","book","page"
"Pathfinder #186: Ghost King's Rage pg. 75","Pathfinder #186: Ghost King's Rage","75"
"Secrets of Magic pg. 90 1.1","Secrets of Magic","90"
"Secrets of Magic pg. 144 1.1","Secrets of Magic","144"
"Player Core 2 pg. 241","Player Core 2","241"
"Monsters of Myth pg. 75","Monsters of Myth","75"
"Player Core pg. 319 2.0","Player Core","319"
"Player Core pg. 386 2.0","Player Core","386"
"Player Core pg. 370 2.0","Player Core","370"
"Player Core pg. 322 2.0","Player Core","322"
"Rage of Elements pg. 70 2.0","Rage of Elements","70"
"Player Core pg. 323 2.0","Player Core","323"
"Rage of Elements pg. 142 2.0","Rage of Elements","142"
"Player Core pg. 386 2.0","Player Core","386"
"Dark Archive pg. 23","Dark Archive","23"
"Player Core pg. 325 2.0","Player Core","325"
"Rage of Elements pg. 173 2.0","Rage of Elements","173"
"Rage of Elements pg. 119 2.0","Rage of Elements","119"
"Player Core pg. 328 2.0","Player Core","328"
"Rage of Elements pg. 222 2.0","Rage of Elements","222"
"Player Core pg. 386 2.0","Player Core","386"
"Player Core pg. 331 2.0","Player Core","331"
"Dark Archive pg. 21","Dark Archive","21"
"Player Core pg. 332 2.0","Player Core","332"
"Treasure Vault pg. 185 1.1","Treasure Vault","185"
"Player Core pg. 332 2.0","Player Core","332"
"Player Core 2 pg. 246","Player Core 2","246"
"Rage of Elements pg. 94 2.0","Rage of Elements","94"
"Dark Archive pg. 18","Dark Archive","18"
"Player Core pg. 333 2.0","Player Core","333"
"Player Core pg. 334 2.0","Player Core","334"
"Player Core 2 pg. 246","Player Core 2","246"
"Secrets of Magic pg. 109 1.1","Secrets of Magic","109"
"Player Core pg. 336 2.0","Player Core","336"
"Rage of Elements pg. 120 2.0","Rage of Elements","120"
"Dark Archive pg. 22","Dark Archive","22"
"Secrets of Magic pg. 112 1.1","Secrets of Magic","112"
"Pathfinder #181: Zombie Feast pg. 79","Pathfinder #181: Zombie Feast","79"
"Secrets of Magic pg. 247 1.1","Secrets of Magic","247"
"Pathfinder #147: Tomorrow Must Burn pg. 74","Pathfinder #147: Tomorrow Must Burn","74"
"Player Core pg. 340 2.0","Player Core","340"
"Player Core pg. 340 2.0","Player Core","340"
"Player Core 2 pg. 248","Player Core 2","248"
"Player Core pg. 343 2.0","Player Core","343"
"Howl of the Wild pg. 61 2.0","Howl of the Wild","61"
"Firebrands pg. 90 2.0","Firebrands","90"
"Rage of Elements pg. 144 2.0","Rage of Elements","144"
"Player Core pg. 387 2.0","Player Core","387"
"Dark Archive pg. 159","Dark Archive","159"
"Dark Archive pg. 106","Dark Archive","106"
"Player Core pg. 351 2.0","Player Core","351"
"Secrets of Magic pg. 123 1.1","Secrets of Magic","123"
"Player Core 2 pg. 249","Player Core 2","249"
"Player Core pg. 352 2.0","Player Core","352"
"Secrets of Magic pg. 125 1.1","Secrets of Magic","125"
"Secrets of Magic pg. 145 1.1","Secrets of Magic","145"
"Rage of Elements pg. 197 2.0","Rage of Elements","197"
"Rage of Elements pg. 174 2.0","Rage of Elements","174"
"Player Core 2 pg. 250","Player Core 2","250"
"Howl of the Wild pg. 61 2.0","Howl of the Wild","61"
"Player Core pg. 356 2.0","Player Core","356"
"Player Core pg. 387 2.0","Player Core","387"
"Player Core pg. 357 2.0","Player Core","357"
"Pathfinder #147: Tomorrow Must Burn pg. 74","Pathfinder #147: Tomorrow Must Burn","74"
"Rage of Elements pg. 71 2.0","Rage of Elements","71"
"Player Core pg. 371 2.0","Player Core","371"
"Legends pg. 32","Legends","32"
"Player Core 2 pg. 252","Player Core 2","252"
"Player Core pg. 359 2.0","Player Core","359"
"Howl of the Wild pg. 61 2.0","Howl of the Wild","61"
"Player Core pg. 387 2.0","Player Core","387"
"Player Core pg. 361 2.0","Player Core","361"
"Rage of Elements pg. 198 2.0","Rage of Elements","198"
"Secrets of Magic pg. 135 1.1","Secrets of Magic","135"
"Player Core pg. 362 2.0","Player Core","362"
"Player Core pg. 362 2.0","Player Core","362"
"Player Core pg. 363 2.0","Player Core","363"
"Dark Archive pg. 17","Dark Archive","17"
"Dark Archive pg. 20","Dark Archive","20"
"Rage of Elements pg. 198 2.0","Rage of Elements","198"
"Dark Archive pg. 183","Dark Archive","183"
"Pathfinder #186: Ghost King's Rage pg. 77","Pathfinder #186: Ghost King's Rage","77"
"Rage of Elements pg. 97 2.0","Rage of Elements","97"
"Player Core pg. 372 2.0","Player Core","372"
"Player Core pg. 366 2.0","Player Core","366"
"Player Core pg. 366 2.0","Player Core","366"
"Dark Archive pg. 107","Dark Archive","107"
"Secrets of Magic pg. 140 1.1","Secrets of Magic","140"
"Player Core pg. 387 2.0","Player Core","387"
"Player Core pg. 371 2.0","Player Core","371"
"Player Core pg. 372 2.0","Player Core","372"
"Dark Archive pg. 22","Dark Archive","22"
"Player Core pg. 370 2.0","Player Core","370"
"Dark Archive pg. 20","Dark Archive","20"
"Pathfinder #194: Cult of the Cave Worm pg. 79","Pathfinder #194: Cult of the Cave Worm","79"
"Dark Archive pg. 23","Dark Archive","23"
"Dark Archive pg. 18","Dark Archive","18"
"Dark Archive pg. 21","Dark Archive","21"
"Player Core pg. 371 2.0","Player Core","371"
"Dark Archive pg. 17","Dark Archive","17"
"Dark Archive pg. 21","Dark Archive","21"
"Dark Archive pg. 17","Dark Archive","17"
"Dark Archive pg. 18","Dark Archive","18"
"Dark Archive pg. 22","Dark Archive","22"
"Player Core pg. 370 2.0","Player Core","370"
"Dark Archive pg. 20","Dark Archive","20"
"Dark Archive pg. 23","Dark Archive","23"
"Player Core pg. 370 2.0","Player Core","370"
"Gods & Magic pg. 112 2.0","Gods & Magic","112"
"Player Core pg. 379 2.0","Player Core","379"
"Player Core 2 pg. 265","Player Core 2","265"
"Player Core 2 pg. 258","Player Core 2","258"
"Player Core 2 pg. 262","Player Core 2","262"
"Player Core pg. 381 2.0","Player Core","381"
"Rage of Elements pg. 199 2.0","Rage of Elements","199"
"Pathfinder #185: A Taste of Ashes pg. 81","Pathfinder #185: A Taste of Ashes","81"
"Player Core pg. 377 2.0","Player Core","377"
"Player Core pg. 376 2.0","Player Core","376"
"Player Core pg. 384 2.0","Player Core","384"
"Player Core 2 pg. 260","Player Core 2","260"
"Player Core pg. 384 2.0","Player Core","384"
"Advanced Player's Guide pg. 230 2.0","Advanced Player's Guide","230"
"Gods & Magic pg. 115 2.0","Gods & Magic","115"
"Player Core pg. 388 2.0","Player Core","388"
"Player Core pg. 378 2.0","Player Core","378"
"Dark Archive pg. 142","Dark Archive","142"
"Player Core pg. 373 2.0","Player Core","373"
"Player Core pg. 382 2.0","Player Core","382"
"Player Core pg. 370 2.0","Player Core","370"
"Player Core pg. 373 2.0","Player Core","373"
"Rage of Elements pg. 61 2.0, Secrets of Magic pg. 200 1.1","Rage of Elements","61"
"Player Core pg. 374 2.0","Player Core","374"
"Player Core pg. 379 2.0","Player Core","379"
"Player Core pg. 373 2.0","Player Core","373"
"Prey for Death pg. 100","Prey for Death","100"
"Gods & Magic pg. 118 2.0","Gods & Magic","118"
"Player Core 2 pg. 263","Player Core 2","263"
"Advanced Player's Guide pg. 236 2.0","Advanced Player's Guide","236"
"Secrets of Magic pg. 143 1.1","Secrets of Magic","143"
"Howl of the Wild pg. 59 2.0","Howl of the Wild","59"
"Gods & Magic pg. 115 2.0","Gods & Magic","115"
"Core Rulebook pg. 406 4.0","Core Rulebook","406"
"Gods & Magic pg. 119 2.0","Gods & Magic","119"
"Core Rulebook pg. 403 4.0","Core Rulebook","403"
"Player Core pg. 388 2.0","Player Core","388"
"Secrets of Magic pg. 241 1.1","Secrets of Magic","241"
"Gods & Magic pg. 117 2.0","Gods & Magic","117"
"Player Core pg. 385 2.0","Player Core","385"
"Player Core 2 pg. 264","Player Core 2","264"
"Gods & Magic pg. 119 2.0","Gods & Magic","119"
"Secrets of Magic pg. 144 1.1","Secrets of Magic","144"
"Secrets of Magic pg. 145 1.1","Secrets of Magic","145"
"Player Core pg. 372 2.0","Player Core","372"
"Player Core 2 pg. 264","Player Core 2","264"
"Player Core pg. 375 2.0","Player Core","375"
"Player Core 2 pg. 263","Player Core 2","263"
"Player Core pg. 387 2.0","Player Core","387"
"Secrets of Magic pg. 143 1.1","Secrets of Magic","143"
"Player Core pg. 387 2.0","Player Core","387"
"Dark Archive pg. 142","Dark Archive","142"
"Advanced Player's Guide pg. 236 2.0","Advanced Player's Guide","236"
"Player Core 2 pg. 263","Player Core 2","263"
"Player Core pg. 383 2.0","Player Core","383"
"Pathfinder #186: Ghost King's Rage pg. 73","Pathfinder #186: Ghost King's Rage","73"
"Book of the Dead pg. 25","Book of the Dead","25"
"Player Core pg. 388 2.0","Player Core","388"
"Player Core pg. 382 2.0","Player Core","382"
"Player Core pg. 383 2.0","Player Core","383"
"Player Core pg. 375 2.0","Player Core","375"
"Dark Archive pg. 142","Dark Archive","142"
"Tian Xia Character Guide pg. 112","Tian Xia Character Guide","112"
"Player Core pg. 374 2.0","Player Core","374"
"Player Core pg. 370 2.0","Player Core","370"
"Gods & Magic pg. 113 2.0","Gods & Magic","113"
"Player Core pg. 372 2.0","Player Core","372"
"Player Core 2 pg. 259","Player Core 2","259"
"Player Core 2 pg. 256","Player Core 2","256"
"Player Core 2 pg. 264","Player Core 2","264"
"Howl of the Wild pg. 59 2.0","Howl of the Wild","59"
"Gods & Magic pg. 116 2.0","Gods & Magic","116"
"Player Core 2 pg. 255","Player Core 2","255"
"Player Core pg. 385 2.0","Player Core","385"
"Player Core 2 pg. 259","Player Core 2","259"
"Pathfinder #165: Eyes of Empty Death pg. 65","Pathfinder #165: Eyes of Empty Death","65"
"Player Core pg. 371 2.0","Player Core","371"
"Player Core pg. 371 2.0","Player Core","371"
"Player Core pg. 383 2.0","Player Core","383"
"Player Core pg. 376 2.0","Player Core","376"
"Player Core pg. 377 2.0","Player Core","377"
"Player Core pg. 385 2.0","Player Core","385"
"Advanced Player's Guide pg. 236 2.0","Advanced Player's Guide","236"
"Gods & Magic pg. 114 2.0","Gods & Magic","114"
"Gods & Magic pg. 118 2.0","Gods & Magic","118"
"Player Core pg. 376 2.0","Player Core","376"
"Gods & Magic pg. 114 2.0","Gods & Magic","114"
"Player Core pg. 385 2.0","Player Core","385"
"Player Core pg. 378 2.0","Player Core","378"
"Player Core pg. 385 2.0","Player Core","385"
"Core Rulebook pg. 407 4.0","Core Rulebook","407"
"Rage of Elements pg. 97 2.0, Pathfinder #148: Fires of the Haunted City pg. 65","Rage of Elements","97"
"Player Core pg. 387 2.0","Player Core","387"
"Player Core pg. 378 2.0","Player Core","378"
"Player Core pg. 372 2.0","Player Core","372"
"Player Core 2 pg. 256","Player Core 2","256"
"Player Core pg. 375 2.0","Player Core","375"
"Gods & Magic pg. 114 2.0","Gods & Magic","114"
"Pathfinder #168: King of the Mountain pg. 74","Pathfinder #168: King of the Mountain","74"
"Rage of Elements pg. 61 2.0, Secrets of Magic pg. 201 1.1","Rage of Elements","61"
"Player Core pg. 378 2.0","Player Core","378"
"Player Core pg. 376 2.0","Player Core","376"
"Player Core pg. 388 2.0","Player Core","388"
"Advanced Player's Guide pg. 236 2.0","Advanced Player's Guide","236"
"Rage of Elements pg. 145 2.0","Rage of Elements","145"
"Gods & Magic pg. 116 2.0","Gods & Magic","116"
"Secrets of Magic pg. 143 1.1","Secrets of Magic","143"
"Player Core 2 pg. 255","Player Core 2","255"
"Secrets of Magic pg. 143 1.1","Secrets of Magic","143"
"Tian Xia Character Guide pg. 112","Tian Xia Character Guide","112"
"Howl of the Wild pg. 59 2.0","Howl of the Wild","59"
"Advanced Player's Guide pg. 235 2.0","Advanced Player's Guide","235"
"Player Core pg. 374 2.0","Player Core","374"
"Player Core 2 pg. 258","Player Core 2","258"
"Secrets of Magic pg. 144 1.1","Secrets of Magic","144"
"Pathfinder #161: Belly of the Black Whale pg. 75","Pathfinder #161: Belly of the Black Whale","75"
"Player Core 2 pg. 259","Player Core 2","259"
"Dark Archive pg. 143","Dark Archive","143"
"Pathfinder #169: Kindled Magic pg. 75","Pathfinder #169: Kindled Magic","75"
"Player Core pg. 379 2.0","Player Core","379"
"Gods & Magic pg. 117 2.0","Gods & Magic","117"
"Player Core pg. 374 2.0","Player Core","374"
"Player Core pg. 382 2.0","Player Core","382"
"Player Core 2 pg. 261","Player Core 2","261"
"Dark Archive pg. 189","Dark Archive","189"
"Player Core 2 pg. 262","Player Core 2","262"
"Secrets of Magic pg. 144 1.1","Secrets of Magic","144"
"Player Core pg. 381 2.0","Player Core","381"
"Player Core pg. 380 2.0","Player Core","380"
"Player Core 2 pg. 255","Player Core 2","255"
"Player Core pg. 380 2.0","Player Core","380"
"Player Core 2 pg. 265","Player Core 2","265"
"Secrets of Magic pg. 145 1.1","Secrets of Magic","145"
"Player Core pg. 375 2.0","Player Core","375"
"Stolen Fate Player's Guide pg. 15","Stolen Fate Player's Guide","15"
"Player Core pg. 382 2.0","Player Core","382"
"Player Core pg. 383 2.0","Player Core","383"
"Rage of Elements pg. 60 2.0, Secrets of Magic pg. 201 1.1","Rage of Elements","60"
"Player Core pg. 373 2.0","Player Core","373"
"Player Core pg. 386 2.0","Player Core","386"
"Player Core pg. 377 2.0","Player Core","377"
"Dark Archive pg. 143","Dark Archive","143"
"Player Core pg. 377 2.0","Player Core","377"
"Core Rulebook pg. 407 4.0","Core Rulebook","407"
"Player Core pg. 381 2.0","Player Core","381"
"Player Core 2 pg. 258","Player Core 2","258"
"Player Core pg. 379 2.0","Player Core","379"
"Rage of Elements pg. 61 2.0, Secrets of Magic pg. 201 1.1","Rage of Elements","61"
"Gods & Magic pg. 112 2.0","Gods & Magic","112"
"Gods & Magic pg. 113 2.0","Gods & Magic","113"
"Player Core pg. 380 2.0","Player Core","380"
"Gods & Magic pg. 117 2.0","Gods & Magic","117"
"Player Core pg. 383 2.0","Player Core","383"
"Howl of the Wild pg. 59 2.0","Howl of the Wild","59"
"Player Core pg. 383 2.0","Player Core","383"
"Player Core 2 pg. 257","Player Core 2","257"
"Player Core pg. 383 2.0","Player Core","383"
"Howl of the Wild pg. 59 2.0","Howl of the Wild","59"
"Character Guide pg. 90 2.0","Character Guide","90"
"Secrets of Magic pg. 145 1.1","Secrets of Magic","145"
"Character Guide pg. 91 2.0","Character Guide","91"
"Tian Xia Character Guide pg. 95","Tian Xia Character Guide","95"
"World Guide pg. 95 2.0","World Guide","95"
"World Guide pg. 95 2.0","World Guide","95"
"World Guide pg. 83 2.0","World Guide","83"
"Tian Xia Character Guide pg. 95","Tian Xia Character Guide","95"
"Player Core pg. 383 2.0","Player Core","383"
"Howl of the Wild pg. 67 2.0","Howl of the Wild","67"
"Character Guide pg. 91 2.0","Character Guide","91"
"Advanced Player's Guide pg. 234 2.0","Advanced Player's Guide","234"
"Player Core 2 pg. 262","Player Core 2","262"
"Player Core 2 pg. 260","Player Core 2","260"
"Player Core 2 pg. 258","Player Core 2","258"
"Player Core 2 pg. 262","Player Core 2","262"
"Player Core 2 pg. 258","Player Core 2","258"
"Player Core 2 pg. 258","Player Core 2","258"
"Player Core 2 pg. 189, Advanced Player's Guide pg. 161 2.0","Player Core 2","189"
"Advanced Player's Guide pg. 235 2.0","Advanced Player's Guide","235"
"Howl of the Wild pg. 61 2.0","Howl of the Wild","61"
"Secrets of Magic pg. 143 1.1","Secrets of Magic","143"
"Rage of Elements pg. 61 2.0, Secrets of Magic pg. 200 1.1","Rage of Elements","61"
"Player Core pg. 384 2.0","Player Core","384"
"Player Core 2 pg. 260","Player Core 2","260"
"Player Core 2 pg. 263","Player Core 2","263"
"Player Core 2 pg. 265","Player Core 2","265"
"Secrets of Magic pg. 144 1.1","Secrets of Magic","144"
"Pathfinder #148: Fires of the Haunted City pg. 75","Pathfinder #148: Fires of the Haunted City","75"
"Player Core 2 pg. 264","Player Core 2","264"
"Player Core 2 pg. 263","Player Core 2","263"
"Player Core pg. 384 2.0","Player Core","384"
"Player Core 2 pg. 265","Player Core 2","265"
"Core Rulebook pg. 404 4.0","Core Rulebook","404"
"Book of the Dead pg. 35","Book of the Dead","35"
"Player Core 2 pg. 264","Player Core 2","264"
"Advanced Player's Guide pg. 236 2.0","Advanced Player's Guide","236"
"Player Core 2 pg. 264","Player Core 2","264"
"Pathfinder #185: A Taste of Ashes pg. 81","Pathfinder #185: A Taste of Ashes","81"
"Secrets of Magic pg. 227 1.1","Secrets of Magic","227"
"Player Core 2 pg. 259","Player Core 2","259"
"Stolen Fate Player's Guide pg. 15","Stolen Fate Player's Guide","15"
"Wake the Dead #2 pg. 29","Wake the Dead #2","29"
"Core Rulebook pg. 388 4.0","Core Rulebook","388"
"Player Core pg. 385 2.0","Player Core","385"
"Howl of the Wild pg. 61 2.0","Howl of the Wild","61"
"Player Core pg. 385 2.0","Player Core","385"
"Rage of Elements pg. 60 2.0, Secrets of Magic pg. 201 1.1","Rage of Elements","60"
"Rage of Elements pg. 61 2.0, Secrets of Magic pg. 201 1.1","Rage of Elements","61"
"Player Core 2 pg. 256","Player Core 2","256"
"Player Core pg. 384 2.0","Player Core","384"
"Dark Archive pg. 159","Dark Archive","159"
"Howl of the Wild pg. 61 2.0","Howl of the Wild","61"
"Player Core 2 pg. 256","Player Core 2","256"
"Pathfinder #168: King of the Mountain pg. 74","Pathfinder #168: King of the Mountain","74"
"Advanced Player's Guide pg. 237 2.0","Advanced Player's Guide","237"
"Advanced Player's Guide pg. 237 2.0","Advanced Player's Guide","237"
"Rage of Elements pg. 61 2.0, Secrets of Magic pg. 201 1.1","Rage of Elements","61"
"Book of the Dead pg. 35","Book of the Dead","35"
"Legends pg. 101","Legends","101"
"Player Core 2 pg. 263","Player Core 2","263"
"Howl of the Wild pg. 60 2.0","Howl of the Wild","60"
"Player Core 2 pg. 261","Player Core 2","261"
"Dark Archive pg. 189","Dark Archive","189"
"World Guide pg. 83 2.0","World Guide","83"
"World Guide pg. 83 2.0","World Guide","83"
"World Guide pg. 83 2.0","World Guide","83"
"World Guide pg. 83 2.0","World Guide","83"
"Howl of the Wild pg. 60 2.0","Howl of the Wild","60"
"Player Core 2 pg. 259","Player Core 2","259"
"Prey for Death pg. 109","Prey for Death","109"
"Gods & Magic pg. 112 2.0","Gods & Magic","112"
"Player Core pg. 373 2.0","Player Core","373"
"Gods & Magic pg. 117 2.0","Gods & Magic","117"
"Gods & Magic pg. 115 2.0","Gods & Magic","115"
"Player Core pg. 378 2.0","Player Core","378"
"Player Core 2 pg. 257","Player Core 2","257"
"Player Core pg. 380 2.0","Player Core","380"
"Player Core pg. 388 2.0","Player Core","388"
"Player Core pg. 372 2.0","Player Core","372"
"Pathfinder #186: Ghost King's Rage pg. 73","Pathfinder #186: Ghost King's Rage","73"
"Player Core pg. 373 2.0","Player Core","373"
"Advanced Player's Guide pg. 231 2.0","Advanced Player's Guide","231"
"Player Core pg. 373 2.0","Player Core","373"
"Player Core pg. 374 2.0","Player Core","374"
"Gods & Magic pg. 112 2.0","Gods & Magic","112"
"Core Rulebook pg. 406 4.0","Core Rulebook","406"
"Player Core pg. 372 2.0","Player Core","372"
"Gods & Magic pg. 119 2.0","Gods & Magic","119"
"Player Core pg. 381 2.0","Player Core","381"
"Core Rulebook pg. 406 4.0","Core Rulebook","406"
"Player Core pg. 374 2.0","Player Core","374"
"Gods & Magic pg. 114 2.0","Gods & Magic","114"
"Gods & Magic pg. 114 2.0","Gods & Magic","114"
"Gods & Magic pg. 117 2.0","Gods & Magic","117"
"Core Rulebook pg. 406 4.0","Core Rulebook","406"
"Player Core pg. 377 2.0","Player Core","377"
"Player Core pg. 387 2.0","Player Core","387"
"Gods & Magic pg. 113 2.0","Gods & Magic","113"
"Player Core pg. 374 2.0","Player Core","374"
"Dark Archive pg. 142","Dark Archive","142"
"Gods & Magic pg. 113 2.0","Gods & Magic","113"
"PFS Guide pg. 49","PFS Guide","49"
"Abomination Vaults Hardcover pg. 211, Pathfinder #165: Eyes of Empty Death pg. 65","Abomination Vaults Hardcover","211"
"Player Core pg. 375 2.0","Player Core","375"
"Gods & Magic pg. 116 2.0","Gods & Magic","116"
"Player Core pg. 370 2.0","Player Core","370"
"Gods & Magic pg. 115 2.0","Gods & Magic","115"
"Gods & Magic pg. 115 2.0","Gods & Magic","115"
"Player Core pg. 380 2.0","Player Core","380"
"Dark Archive pg. 143","Dark Archive","143"
"Player Core pg. 388 2.0","Player Core","388"
"Player Core pg. 388 2.0","Player Core","388"
"Dark Archive pg. 143","Dark Archive","143"
"Player Core pg. 376 2.0","Player Core","376"
"Core Rulebook pg. 407 4.0","Core Rulebook","407"
"Player Core pg. 374 2.0","Player Core","374"
"Player Core pg. 376 2.0","Player Core","376"
"Player Core pg. 380 2.0","Player Core","380"
"Prey for Death pg. 109","Prey for Death","109"
"Player Core pg. 377 2.0","Player Core","377"
"Player Core pg. 377 2.0","Player Core","377"
"Pathfinder #161: Belly of the Black Whale pg. 75","Pathfinder #161: Belly of the Black Whale","75"
"Gods & Magic pg. 116 2.0","Gods & Magic","116"
"Dark Archive pg. 185","Dark Archive","185"
"Player Core pg. 378 2.0","Player Core","378"
"Player Core pg. 381 2.0","Player Core","381"
"Player Core pg. 379 2.0","Player Core","379"
"Player Core pg. 372 2.0","Player Core","372"
"Dark Archive pg. 143","Dark Archive","143"
"Player Core pg. 376 2.0","Player Core","376"
"Gods & Magic pg. 119 2.0","Gods & Magic","119"
"Rage of Elements pg. 145 2.0","Rage of Elements","145"
"Player Core pg. 378 2.0","Player Core","378"
"Gods & Magic pg. 119 2.0","Gods & Magic","119"
"Player Core pg. 387 2.0","Player Core","387"
"Secrets of Magic pg. 143 1.1","Secrets of Magic","143"
"Player Core pg. 379 2.0","Player Core","379"
"Dark Archive pg. 143","Dark Archive","143"
"Player Core pg. 377 2.0","Player Core","377"
"Player Core pg. 388 2.0","Player Core","388"
"Prey for Death pg. 100","Prey for Death","100"
"Howl of the Wild pg. 65 2.0","Howl of the Wild","65"
"Player Core pg. 388 2.0","Player Core","388"
"Gods & Magic pg. 118 2.0","Gods & Magic","118"
"Player Core pg. 382 2.0","Player Core","382"
"Gods & Magic pg. 118 2.0","Gods & Magic","118"
"Player Core pg. 376 2.0","Player Core","376"
"Player Core pg. 375 2.0","Player Core","375"
"Rage of Elements pg. 97 2.0, Pathfinder #148: Fires of the Haunted City pg. 65","Rage of Elements","97"
"Player Core pg. 377 2.0","Player Core","377"
"PFS Guide pg. 45","PFS Guide","45"
"Player Core pg. 379 2.0","Player Core","379"
"Player Core pg. 380 2.0","Player Core","380"
"Player Core pg. 375 2.0","Player Core","375"
"Player Core pg. 379 2.0","Player Core","379"
"Dark Archive pg. 207","Dark Archive","207"
"Dark Archive pg. 143","Dark Archive","143"
"Player Core 2 pg. 257","Player Core 2","257"
"Dark Archive pg. 144","Dark Archive","144"
"Rage of Elements pg. 199 2.0","Rage of Elements","199"
"Player Core pg. 375 2.0","Player Core","375"
"Dark Archive pg. 144","Dark Archive","144"
"Player Core pg. 381 2.0","Player Core","381"
"Player Core 2 pg. 265","Player Core 2","265"
"Player Core 2 pg. 262","Player Core 2","262"
"Player Core 2 pg. 263","Player Core 2","263"
"Pathfinder #168: King of the Mountain pg. 74","Pathfinder #168: King of the Mountain","74"
"Advanced Player's Guide pg. 235 2.0","Advanced Player's Guide","235"
"Player Core pg. 384 2.0","Player Core","384"
"Advanced Player's Guide pg. 193 2.0","Advanced Player's Guide","193"
"Player Core 2 pg. 264","Player Core 2","264"
"Player Core 2 pg. 264","Player Core 2","264"
"Advanced Player's Guide pg. 236 2.0","Advanced Player's Guide","236"
"Player Core 2 pg. 264","Player Core 2","264"
"Legends pg. 32","Legends","32"
"Howl of the Wild pg. 60 2.0","Howl of the Wild","60"
"Player Core 2 pg. 265","Player Core 2","265"
"Player Core 2 pg. 263","Player Core 2","263"
"Player Core pg. 384 2.0","Player Core","384"
"Core Rulebook pg. 388 4.0","Core Rulebook","388"
"Advanced Player's Guide pg. 229 2.0","Advanced Player's Guide","229"
"Player Core pg. 371 2.0","Player Core","371"
"Dark Archive pg. 159","Dark Archive","159"
"Howl of the Wild pg. 60 2.0","Howl of the Wild","60"
"Howl of the Wild pg. 60 2.0","Howl of the Wild","60"
"Player Core pg. 385 2.0","Player Core","385"
"Stolen Fate Player's Guide pg. 15","Stolen Fate Player's Guide","15"
"Advanced Player's Guide pg. 193 2.0","Advanced Player's Guide","193"
"Legends pg. 69","Legends","69"
"Advanced Player's Guide pg. 236 2.0","Advanced Player's Guide","236"
"Player Core 2 pg. 256","Player Core 2","256"
"PFS Guide pg. 49","PFS Guide","49"
"Impossible Lands pg. 225, Pathfinder #158: Sixty Feet Under pg. 79","Impossible Lands","225"
"Player Core pg. 371 2.0","Player Core","371"
"Player Core pg. 384 2.0","Player Core","384"
"Impossible Lands pg. 222","Impossible Lands","222"
"Impossible Lands pg. 223","Impossible Lands","223"
"Impossible Lands pg. 223","Impossible Lands","223"
"Impossible Lands pg. 223","Impossible Lands","223"
"Player Core 2 pg. 262","Player Core 2","262"
"Player Core 2 pg. 257","Player Core 2","257"
"Advanced Player's Guide pg. 237 2.0","Advanced Player's Guide","237"
"Pathfinder #166: Despair on Danger Island pg. 77","Pathfinder #166: Despair on Danger Island","77"
"Player Core 2 pg. 265","Player Core 2","265"
"Player Core 2 pg. 258","Player Core 2","258"
"Pathfinder #185: A Taste of Ashes pg. 81","Pathfinder #185: A Taste of Ashes","81"
"Player Core 2 pg. 256","Player Core 2","256"
"Player Core 2 pg. 258","Player Core 2","258"
"Player Core 2 pg. 260","Player Core 2","260"
"Player Core 2 pg. 259","Player Core 2","259"
"Knights of Lastwall pg. 77","Knights of Lastwall","77"
"Advanced Player's Guide pg. 232 2.0","Advanced Player's Guide","232"
"Player Core 2 pg. 260","Player Core 2","260"
"Dark Archive pg. 189","Dark Archive","189"
"Player Core 2 pg. 259","Player Core 2","259"
"Player Core pg. 381 2.0","Player Core","381"
"Player Core 2 pg. 258","Player Core 2","258"
"Advanced Player's Guide pg. 193 2.0","Advanced Player's Guide","193"
"Book of the Dead pg. 35","Book of the Dead","35"
"Impossible Lands pg. 225, Pathfinder #158: Sixty Feet Under pg. 79","Impossible Lands","225"
"Player Core 2 pg. 262","Player Core 2","262"
"Secrets of Magic pg. 227 1.1","Secrets of Magic","227"
"Secrets of Magic pg. 143 1.1","Secrets of Magic","143"
"Advanced Player's Guide pg. 228 2.0","Advanced Player's Guide","228"
"Core Rulebook pg. 388 4.0","Core Rulebook","388"
"Player Core 2 pg. 257","Player Core 2","257"
"Player Core pg. 371 2.0","Player Core","371"
"Impossible Lands pg. 223","Impossible Lands","223"
"Impossible Lands pg. 223","Impossible Lands","223"
"Impossible Lands pg. 223","Impossible Lands","223"
"Impossible Lands pg. 223","Impossible Lands","223"
"Player Core pg. 382 2.0","Player Core","382"
"Player Core 2 pg. 256","Player Core 2","256"
"Player Core 2 pg. 256","Player Core 2","256"
"Player Core 2 pg. 257","Player Core 2","257"
"Player Core 2 pg. 257","Player Core 2","257"
"Player Core pg. 382 2.0","Player Core","382"
"Impossible Lands pg. 223","Impossible Lands","223"
"Impossible Lands pg. 223","Impossible Lands","223"
"Impossible Lands pg. 223","Impossible Lands","223"
"Impossible Lands pg. 223","Impossible Lands","223"
"Pathfinder #150: Broken Promises pg. 77","Pathfinder #150: Broken Promises","77"
"Player Core pg. 370 2.0","Player Core","370"
"Player Core 2 pg. 256","Player Core 2","256"
"Player Core pg. 371 2.0","Player Core","371"
"Pathfinder #150: Broken Promises pg. 77","Pathfinder #150: Broken Promises","77"
"Gods & Magic pg. 106 2.0","Gods & Magic","106"
"Pathfinder #158: Sixty Feet Under pg. 76","Pathfinder #158: Sixty Feet Under","76"
"Gods & Magic pg. 106 2.0","Gods & Magic","106"
"Player Core pg. 314 2.0","Player Core","314"
"Pathfinder #169: Kindled Magic pg. 76","Pathfinder #169: Kindled Magic","76"
"Player Core pg. 314 2.0","Player Core","314"
"Secrets of Magic pg. 89 1.1","Secrets of Magic","89"
"Advanced Player's Guide pg. 214 2.0","Advanced Player's Guide","214"
"Player Core pg. 315 2.0","Player Core","315"
"Gods & Magic pg. 107 2.0","Gods & Magic","107"
"Kingmaker Companion Guide pg. 99","Kingmaker Companion Guide","99"
"Player Core pg. 317 2.0","Player Core","317"
"Gods & Magic pg. 107 2.0","Gods & Magic","107"
"Secrets of Magic pg. 90 1.1","Secrets of Magic","90"
"Player Core pg. 318 2.0","Player Core","318"
"Secrets of Magic pg. 92 1.1","Secrets of Magic","92"
"Player Core pg. 319 2.0","Player Core","319"
"Pathfinder #188: They Watched the Stars pg. 80","Pathfinder #188: They Watched the Stars","80"
"Knights of Lastwall pg. 92","Knights of Lastwall","92"
"Rage of Elements pg. 172 2.0","Rage of Elements","172"
"Howl of the Wild pg. 84 2.0","Howl of the Wild","84"
"Player Core 2 pg. 242","Player Core 2","242"
"Pathfinder #183: Field of Maidens pg. 77","Pathfinder #183: Field of Maidens","77"
"Player Core pg. 320 2.0","Player Core","320"
"Player Core 2 pg. 242","Player Core 2","242"
"Player Core pg. 320 2.0","Player Core","320"
"Player Core pg. 321 2.0","Player Core","321"
"Player Core 2 pg. 243","Player Core 2","243"
"Rage of Elements pg. 142 2.0","Rage of Elements","142"
"Player Core pg. 322 2.0","Player Core","322"
"Pathfinder #197: Let the Leaves Fall pg. 71","Pathfinder #197: Let the Leaves Fall","71"
"Rage of Elements pg. 118 2.0","Rage of Elements","118"
"Core Rulebook pg. 328 4.0","Core Rulebook","328"
"Player Core pg. 323 2.0","Player Core","323"
"Player Core pg. 324 2.0","Player Core","324"
"Player Core pg. 326 2.0","Player Core","326"
"Secrets of Magic pg. 101 1.1","Secrets of Magic","101"
"Player Core 2 pg. 244","Player Core 2","244"
"Secrets of Magic pg. 101 1.1","Secrets of Magic","101"
"Pathfinder #183: Field of Maidens pg. 77","Pathfinder #183: Field of Maidens","77"
"Gods & Magic pg. 107 2.0","Gods & Magic","107"
"Player Core pg. 329 2.0","Player Core","329"
"Pathfinder #147: Tomorrow Must Burn pg. 73","Pathfinder #147: Tomorrow Must Burn","73"
"Firebrands pg. 89 2.0","Firebrands","89"
"Pathfinder #197: Let the Leaves Fall pg. 71","Pathfinder #197: Let the Leaves Fall","71"
"Player Core pg. 331 2.0","Player Core","331"
"Firebrands pg. 89 2.0","Firebrands","89"
"Player Core pg. 332 2.0","Player Core","332"
"Pathfinder #186: Ghost King's Rage pg. 76","Pathfinder #186: Ghost King's Rage","76"
"Rage of Elements pg. 196 2.0","Rage of Elements","196"
"Rage of Elements pg. 143 2.0","Rage of Elements","143"
"Howl of the Wild pg. 85 2.0","Howl of the Wild","85"
"Player Core pg. 332 2.0","Player Core","332"
"Knights of Lastwall pg. 93","Knights of Lastwall","93"
"Highhelm pg. 73","Highhelm","73"
"Pathfinder #169: Kindled Magic pg. 77","Pathfinder #169: Kindled Magic","77"
"Player Core pg. 333 2.0","Player Core","333"
"Pathfinder #194: Cult of the Cave Worm pg. 79","Pathfinder #194: Cult of the Cave Worm","79"
"Player Core pg. 333 2.0","Player Core","333"
"Secrets of Magic pg. 109 1.1","Secrets of Magic","109"
"Player Core pg. 333 2.0","Player Core","333"
"Player Core pg. 334 2.0","Player Core","334"
"Threshold of Knowledge pg. 10","Threshold of Knowledge","10"
"Player Core pg. 334 2.0","Player Core","334"
"Player Core pg. 334 2.0","Player Core","334"
"Player Core pg. 335 2.0","Player Core","335"
"Firebrands pg. 89 2.0","Firebrands","89"
"Howl of the Wild pg. 86 2.0","Howl of the Wild","86"
"Secrets of Magic pg. 110 1.1","Secrets of Magic","110"
"Player Core pg. 336 2.0","Player Core","336"
"Player Core pg. 336 2.0","Player Core","336"
"Player Core pg. 337 2.0","Player Core","337"
"Player Core pg. 337 2.0","Player Core","337"
"Player Core 2 pg. 247","Player Core 2","247"
"Player Core pg. 338 2.0","Player Core","338"
"Kingmaker Companion Guide pg. 46","Kingmaker Companion Guide","46"
"Rage of Elements pg. 95 2.0","Rage of Elements","95"
"Rage of Elements pg. 95 2.0","Rage of Elements","95"
"Player Core 2 pg. 247","Player Core 2","247"
"Player Core pg. 340 2.0","Player Core","340"
"Player Core pg. 340 2.0","Player Core","340"
"Secrets of Magic pg. 113 1.1","Secrets of Magic","113"
"Dark Archive pg. 105","Dark Archive","105"
"Pathfinder #194: Cult of the Cave Worm pg. 79","Pathfinder #194: Cult of the Cave Worm","79"
"Player Core 2 pg. 247","Player Core 2","247"
"Gods & Magic pg. 108 2.0","Gods & Magic","108"
"Player Core pg. 341 2.0","Player Core","341"
"Secrets of Magic pg. 113 1.1","Secrets of Magic","113"
"Advanced Player's Guide pg. 222 2.0","Advanced Player's Guide","222"
"Player Core pg. 343 2.0","Player Core","343"
"Gods & Magic pg. 108 2.0","Gods & Magic","108"
"Player Core pg. 344 2.0","Player Core","344"
"Player Core 2 pg. 248","Player Core 2","248"
"Player Core pg. 346 2.0","Player Core","346"
"Secrets of Magic pg. 117 1.1","Secrets of Magic","117"
"Core Rulebook pg. 354 4.0","Core Rulebook","354"
"Threshold of Knowledge pg. 10","Threshold of Knowledge","10"
"Player Core 2 pg. 248","Player Core 2","248"
"Secrets of Magic pg. 118 1.1","Secrets of Magic","118"
"Player Core 2 pg. 248","Player Core 2","248"
"Firebrands pg. 90 2.0","Firebrands","90"
"Gods & Magic pg. 109 2.0","Gods & Magic","109"
"Pathfinder #151: The Show Must Go On pg. 78","Pathfinder #151: The Show Must Go On","78"
"Player Core pg. 348 2.0","Player Core","348"
"Player Core pg. 348 2.0","Player Core","348"
"Player Core pg. 349 2.0","Player Core","349"
"Player Core pg. 349 2.0","Player Core","349"
"Secrets of Magic pg. 122 1.1","Secrets of Magic","122"
"Player Core pg. 351 2.0","Player Core","351"
"Player Core 2 pg. 249","Player Core 2","249"
"Player Core pg. 351 2.0","Player Core","351"
"Knights of Lastwall pg. 94","Knights of Lastwall","94"
"Pathfinder #158: Sixty Feet Under pg. 77","Pathfinder #158: Sixty Feet Under","77"
"Secrets of Magic pg. 124 1.1","Secrets of Magic","124"
"Secrets of Magic pg. 126 1.1","Secrets of Magic","126"
"Player Core pg. 354 2.0","Player Core","354"
"Player Core pg. 354 2.0","Player Core","354"
"Howl of the Wild pg. 86 2.0","Howl of the Wild","86"
"Player Core pg. 355 2.0","Player Core","355"
"Player Core 2 pg. 250","Player Core 2","250"
"Kingmaker Companion Guide pg. 99","Kingmaker Companion Guide","99"
"Pathfinder #151: The Show Must Go On pg. 78","Pathfinder #151: The Show Must Go On","78"
"Secrets of Magic pg. 127 1.1","Secrets of Magic","127"
"Gods & Magic pg. 109 2.0","Gods & Magic","109"
"Gods & Magic pg. 109 2.0","Gods & Magic","109"
"Rage of Elements pg. 145 2.0","Rage of Elements","145"
"Core Rulebook pg. 369 4.0","Core Rulebook","369"
"Gods & Magic pg. 110 2.0","Gods & Magic","110"
"Rage of Elements pg. 121 2.0","Rage of Elements","121"
"Player Core pg. 357 2.0","Player Core","357"
"World Guide pg. 112 2.0","World Guide","112"
"Player Core pg. 357 2.0","Player Core","357"
"Player Core pg. 358 2.0","Player Core","358"
"Player Core pg. 358 2.0","Player Core","358"
"Player Core pg. 360 2.0","Player Core","360"
"Player Core pg. 360 2.0","Player Core","360"
"Player Core pg. 360 2.0","Player Core","360"
"Player Core 2 pg. 253","Player Core 2","253"
"Player Core pg. 361 2.0","Player Core","361"
"Player Core pg. 361 2.0","Player Core","361"
"Player Core pg. 361 2.0","Player Core","361"
"Pathfinder #171: Hurricane's Howl pg. 77","Pathfinder #171: Hurricane's Howl","77"
"Secrets of Magic pg. 135 1.1","Secrets of Magic","135"
"Knights of Lastwall pg. 95","Knights of Lastwall","95"
"Player Core pg. 362 2.0","Player Core","362"
"Gods & Magic pg. 110 2.0","Gods & Magic","110"
"Gods & Magic pg. 111 2.0","Gods & Magic","111"
"Secrets of Magic pg. 136 1.1","Secrets of Magic","136"
"Player Core 2 pg. 253","Player Core 2","253"
"Player Core pg. 363 2.0","Player Core","363"
"Player Core pg. 365 2.0","Player Core","365"
"Player Core pg. 366 2.0","Player Core","366"
"Rage of Elements pg. 199 2.0, Pathfinder #151: The Show Must Go On pg. 79","Rage of Elements","199"
"Pathfinder #169: Kindled Magic pg. 76","Pathfinder #169: Kindled Magic","76"
"Rage of Elements pg. 199 2.0","Rage of Elements","199"
"Rage of Elements pg. 97 2.0","Rage of Elements","97"
"Rage of Elements pg. 199 2.0","Rage of Elements","199"
"Rage of Elements pg. 199 2.0","Rage of Elements","199"
"Player Core pg. 314 2.0","Player Core","314"
"Pathfinder #188: They Watched the Stars pg. 80","Pathfinder #188: They Watched the Stars","80"
"Howl of the Wild pg. 84 2.0","Howl of the Wild","84"
"Pathfinder #194: Cult of the Cave Worm pg. 79","Pathfinder #194: Cult of the Cave Worm","79"
"Player Core pg. 315 2.0","Player Core","315"
"Player Core pg. 315 2.0","Player Core","315"
"Player Core 2 pg. 240","Player Core 2","240"
"Gods & Magic pg. 106 2.0","Gods & Magic","106"
"Secrets of Magic pg. 90 1.1","Secrets of Magic","90"
"Player Core pg. 316 2.0","Player Core","316"
"Secrets of Magic pg. 90 1.1","Secrets of Magic","90"
"Pathfinder #195: Heavy is the Crown pg. 81","Pathfinder #195: Heavy is the Crown","81"
"Pathfinder #195: Heavy is the Crown pg. 81","Pathfinder #195: Heavy is the Crown","81"
"Rage of Elements pg. 118 2.0","Rage of Elements","118"
"Kingmaker Companion Guide pg. 71","Kingmaker Companion Guide","71"
"Player Core pg. 318 2.0","Player Core","318"
"Player Core 2 pg. 241","Player Core 2","241"
"Pathfinder #182: Graveclaw pg. 78","Pathfinder #182: Graveclaw","78"
"Player Core pg. 318 2.0","Player Core","318"
"Player Core pg. 318 2.0","Player Core","318"
"Pathfinder #176: Lost Mammoth Valley pg. 76","Pathfinder #176: Lost Mammoth Valley","76"
"Pathfinder #176: Lost Mammoth Valley pg. 76","Pathfinder #176: Lost Mammoth Valley","76"
"Pathfinder #183: Field of Maidens pg. 77","Pathfinder #183: Field of Maidens","77"
"Gods & Magic pg. 107 2.0","Gods & Magic","107"
"Pathfinder #151: The Show Must Go On pg. 78","Pathfinder #151: The Show Must Go On","78"
"Rage of Elements pg. 172 2.0","Rage of Elements","172"
"Rage of Elements pg. 94 2.0","Rage of Elements","94"
"Player Core pg. 319 2.0","Player Core","319"
"Wake the Dead #4 pg. 29","Wake the Dead #4","29"
"Rage of Elements pg. 118 2.0","Rage of Elements","118"
"Player Core 2 pg. 242","Player Core 2","242"
"Rage of Elements pg. 142 2.0","Rage of Elements","142"
"Howl of the Wild pg. 84 2.0","Howl of the Wild","84"
"Pathfinder #171: Hurricane's Howl pg. 77","Pathfinder #171: Hurricane's Howl","77"
"Player Core pg. 320 2.0","Player Core","320"
"Rage of Elements pg. 70 2.0","Rage of Elements","70"
"Player Core pg. 320 2.0","Player Core","320"
"Firebrands pg. 88 2.0","Firebrands","88"
"Player Core pg. 321 2.0","Player Core","321"
"Firebrands pg. 89 2.0","Firebrands","89"
"Knights of Lastwall pg. 92","Knights of Lastwall","92"
"Player Core pg. 322 2.0","Player Core","322"
"Player Core pg. 322 2.0","Player Core","322"
"Player Core pg. 322 2.0","Player Core","322"
"Core Rulebook pg. 328 4.0","Core Rulebook","328"
"Player Core 2 pg. 244","Player Core 2","244"
"Player Core pg. 325 2.0","Player Core","325"
"Secrets of Magic pg. 104 1.1","Secrets of Magic","104"
"Player Core pg. 328 2.0","Player Core","328"
"Knights of Lastwall pg. 93","Knights of Lastwall","93"
"Dark Archive pg. 105","Dark Archive","105"
"Core Rulebook pg. 335 4.0","Core Rulebook","335"
"Player Core pg. 329 2.0","Player Core","329"
"Player Core pg. 329 2.0","Player Core","329"
"Player Core pg. 329 2.0","Player Core","329"
"Knights of Lastwall pg. 93","Knights of Lastwall","93"
"Player Core pg. 329 2.0","Player Core","329"
"Gods & Magic pg. 107 2.0","Gods & Magic","107"
"Rage of Elements pg. 94 2.0","Rage of Elements","94"
"Secrets of Magic pg. 104 1.1","Secrets of Magic","104"
"Player Core pg. 331 2.0","Player Core","331"
"Rage of Elements pg. 119 2.0","Rage of Elements","119"
"Pathfinder #172: Secrets of the Temple City pg. 77","Pathfinder #172: Secrets of the Temple City","77"
"Gods & Magic pg. 107 2.0","Gods & Magic","107"
"Secrets of Magic pg. 105 1.1","Secrets of Magic","105"
"Player Core 2 pg. 245","Player Core 2","245"
"Rage of Elements pg. 119 2.0","Rage of Elements","119"
"Secrets of Magic pg. 106 1.1","Secrets of Magic","106"
"Player Core pg. 332 2.0","Player Core","332"
"Howl of the Wild pg. 85 2.0","Howl of the Wild","85"
"Gods & Magic pg. 108 2.0","Gods & Magic","108"
"Player Core 2 pg. 245","Player Core 2","245"
"Player Core pg. 333 2.0","Player Core","333"
"Rage of Elements pg. 70 2.0","Rage of Elements","70"
"Player Core pg. 333 2.0","Player Core","333"
"Player Core 2 pg. 246","Player Core 2","246"
"Pathfinder #169: Kindled Magic pg. 77","Pathfinder #169: Kindled Magic","77"
"Secrets of Magic pg. 109 1.1","Secrets of Magic","109"
"Advanced Player's Guide pg. 220 2.0","Advanced Player's Guide","220"
"Rage of Elements pg. 196 2.0","Rage of Elements","196"
"Howl of the Wild pg. 85 2.0","Howl of the Wild","85"
"Pathfinder #181: Zombie Feast pg. 79","Pathfinder #181: Zombie Feast","79"
"Player Core pg. 335 2.0","Player Core","335"
"Secrets of Magic pg. 110 1.1","Secrets of Magic","110"
"Player Core pg. 336 2.0","Player Core","336"
"Firebrands pg. 89 2.0","Firebrands","89"
"Pathfinder #160: Assault on Hunting Lodge Seven pg. 80","Pathfinder #160: Assault on Hunting Lodge Seven","80"
"Pathfinder #175: Broken Tusk Moon pg. 80","Pathfinder #175: Broken Tusk Moon","80"
"Pathfinder #169: Kindled Magic pg. 76","Pathfinder #169: Kindled Magic","76"
"Secrets of Magic pg. 112 1.1","Secrets of Magic","112"
"Secrets of Magic pg. 112 1.1","Secrets of Magic","112"
"Firebrands pg. 89 2.0","Firebrands","89"
"Player Core pg. 339 2.0","Player Core","339"
"Gods & Magic pg. 108 2.0","Gods & Magic","108"
"Player Core pg. 340 2.0","Player Core","340"
"Player Core pg. 340 2.0","Player Core","340"
"Knights of Lastwall pg. 94","Knights of Lastwall","94"
"Dark Archive pg. 182","Dark Archive","182"
"Secrets of Magic pg. 113 1.1","Secrets of Magic","113"
"Secrets of Magic pg. 114 1.1","Secrets of Magic","114"
"Secrets of Magic pg. 115 1.1","Secrets of Magic","115"
"Prey for Death pg. 100","Prey for Death","100"
"Player Core pg. 342 2.0","Player Core","342"
"Secrets of Magic pg. 115 1.1","Secrets of Magic","115"
"Pathfinder #169: Kindled Magic pg. 77","Pathfinder #169: Kindled Magic","77"
"Core Rulebook pg. 352 4.0","Core Rulebook","352"
"Core Rulebook pg. 352 4.0","Core Rulebook","352"
"Player Core pg. 344 2.0","Player Core","344"
"Player Core pg. 347 2.0","Player Core","347"
"Player Core pg. 347 2.0","Player Core","347"
"Player Core pg. 347 2.0","Player Core","347"
"Wake the Dead #4 pg. 29","Wake the Dead #4","29"
"Pathfinder #175: Broken Tusk Moon pg. 80","Pathfinder #175: Broken Tusk Moon","80"
"Player Core pg. 348 2.0","Player Core","348"
"Rage of Elements pg. 95 2.0","Rage of Elements","95"
"Player Core pg. 348 2.0","Player Core","348"
"Pathfinder #172: Secrets of the Temple City pg. 77","Pathfinder #172: Secrets of the Temple City","77"
"Secrets of Magic pg. 121 1.1","Secrets of Magic","121"
"Player Core 2 pg. 249","Player Core 2","249"
"Secrets of Magic pg. 121 1.1","Secrets of Magic","121"
"Rage of Elements pg. 71 2.0","Rage of Elements","71"
"Advanced Player's Guide pg. 223 2.0","Advanced Player's Guide","223"
"Pathfinder #172: Secrets of the Temple City pg. 78","Pathfinder #172: Secrets of the Temple City","78"
"Secrets of Magic pg. 124 1.1","Secrets of Magic","124"
"Player Core 2 pg. 249","Player Core 2","249"
"Player Core pg. 353 2.0","Player Core","353"
"Core Rulebook pg. 364 4.0","Core Rulebook","364"
"Player Core pg. 353 2.0","Player Core","353"
"Pathfinder #151: The Show Must Go On pg. 78","Pathfinder #151: The Show Must Go On","78"
"Rage of Elements pg. 96 2.0","Rage of Elements","96"
"Pathfinder #151: The Show Must Go On pg. 78","Pathfinder #151: The Show Must Go On","78"
"Player Core pg. 355 2.0","Player Core","355"
"Pathfinder #181: Zombie Feast pg. 79","Pathfinder #181: Zombie Feast","79"
"Player Core pg. 356 2.0","Player Core","356"
"Player Core pg. 356 2.0","Player Core","356"
"Player Core pg. 356 2.0","Player Core","356"
"Player Core pg. 356 2.0","Player Core","356"
"Player Core pg. 357 2.0","Player Core","357"
"Gods & Magic pg. 110 2.0","Gods & Magic","110"
"Secrets of Magic pg. 129 1.1","Secrets of Magic","129"
"Player Core pg. 357 2.0","Player Core","357"
"Player Core pg. 358 2.0","Player Core","358"
"Player Core 2 pg. 252","Player Core 2","252"
"Player Core pg. 359 2.0","Player Core","359"
"Rage of Elements pg. 198 2.0","Rage of Elements","198"
"Firebrands pg. 91 2.0","Firebrands","91"
"Player Core pg. 359 2.0","Player Core","359"
"Player Core pg. 359 2.0","Player Core","359"
"Player Core 2 pg. 253","Player Core 2","253"
"Pathfinder #151: The Show Must Go On pg. 79","Pathfinder #151: The Show Must Go On","79"
"Player Core pg. 360 2.0","Player Core","360"
"Secrets of Magic pg. 135 1.1","Secrets of Magic","135"
"Secrets of Magic pg. 135 1.1","Secrets of Magic","135"
"Player Core pg. 361 2.0","Player Core","361"
"Pathfinder #181: Zombie Feast pg. 79","Pathfinder #181: Zombie Feast","79"
"Pathfinder #181: Zombie Feast pg. 79","Pathfinder #181: Zombie Feast","79"
"Player Core pg. 363 2.0","Player Core","363"
"Rage of Elements pg. 121 2.0","Rage of Elements","121"
"Secrets of Magic pg. 136 1.1","Secrets of Magic","136"
"Secrets of Magic pg. 137 1.1","Secrets of Magic","137"
"Player Core pg. 363 2.0","Player Core","363"
"Rage of Elements pg. 97 2.0","Rage of Elements","97"
"Secrets of Magic pg. 137 1.1","Secrets of Magic","137"
"Pathfinder #181: Zombie Feast pg. 80","Pathfinder #181: Zombie Feast","80"
"Core Rulebook pg. 379 4.0","Core Rulebook","379"
"Pathfinder #181: Zombie Feast pg. 80","Pathfinder #181: Zombie Feast","80"
"Rage of Elements pg. 73 2.0","Rage of Elements","73"
"Player Core 2 pg. 254","Player Core 2","254"
"Secrets of Magic pg. 140 1.1","Secrets of Magic","140"
"Player Core pg. 369 2.0","Player Core","369"
"Player Core pg. 369 2.0","Player Core","369"
"Rage of Elements pg. 175 2.0","Rage of Elements","175"
"Player Core 2 pg. 255","Player Core 2","255"
"Pathfinder #163: Ruins of Gauntlight pg. 80","Pathfinder #163: Ruins of Gauntlight","80"
"Advanced Player's Guide pg. 214 2.0","Advanced Player's Guide","214"
"Player Core 2 pg. 240","Player Core 2","240"
"Player Core 2 pg. 240","Player Core 2","240"
"Howl of the Wild pg. 84 2.0","Howl of the Wild","84"
"Player Core pg. 315 2.0","Player Core","315"
"Dark Archive pg. 181","Dark Archive","181"
"Player Core pg. 318 2.0","Player Core","318"
"Rage of Elements pg. 70 2.0","Rage of Elements","70"
"Secrets of Magic pg. 91 1.1","Secrets of Magic","91"
"Player Core pg. 318 2.0","Player Core","318"
"Prey for Death pg. 99","Prey for Death","99"
"Wake the Dead #4 pg. 29","Wake the Dead #4","29"
"Secrets of Magic pg. 92 1.1","Secrets of Magic","92"
"Dark Archive pg. 104","Dark Archive","104"
"Pathfinder #182: Graveclaw pg. 78","Pathfinder #182: Graveclaw","78"
"Rage of Elements pg. 94 2.0","Rage of Elements","94"
"Player Core pg. 320 2.0","Player Core","320"
"Core Rulebook pg. 324 4.0","Core Rulebook","324"
"Secrets of Magic pg. 95 1.1","Secrets of Magic","95"
"Player Core pg. 320 2.0","Player Core","320"
"Rage of Elements pg. 70 2.0","Rage of Elements","70"
"Knights of Lastwall pg. 92","Knights of Lastwall","92"
"Rage of Elements pg. 172 2.0","Rage of Elements","172"
"Player Core pg. 321 2.0","Player Core","321"
"Player Core 2 pg. 243","Player Core 2","243"
"Player Core pg. 322 2.0","Player Core","322"
"Howl of the Wild pg. 84 2.0","Howl of the Wild","84"
"Gods & Magic pg. 107 2.0","Gods & Magic","107"
"Player Core 2 pg. 243","Player Core 2","243"
"Wake the Dead #1 pg. 27","Wake the Dead #1","27"
"Secrets of Magic pg. 98 1.1","Secrets of Magic","98"
"Pathfinder #194: Cult of the Cave Worm pg. 79","Pathfinder #194: Cult of the Cave Worm","79"
"Secrets of Magic pg. 100 1.1","Secrets of Magic","100"
"Rage of Elements pg. 172 2.0","Rage of Elements","172"
"Knights of Lastwall pg. 93","Knights of Lastwall","93"
"Player Core pg. 326 2.0","Player Core","326"
"Player Core pg. 327 2.0","Player Core","327"
"Secrets of Magic pg. 102 1.1","Secrets of Magic","102"
"Secrets of Magic pg. 102 1.1","Secrets of Magic","102"
"Player Core pg. 329 2.0","Player Core","329"
"Secrets of Magic pg. 104 1.1","Secrets of Magic","104"
"Pathfinder #186: Ghost King's Rage pg. 76","Pathfinder #186: Ghost King's Rage","76"
"Player Core 2 pg. 245","Player Core 2","245"
"Pathfinder #177: Burning Tundra pg. 76","Pathfinder #177: Burning Tundra","76"
"Player Core pg. 331 2.0","Player Core","331"
"Player Core pg. 331 2.0","Player Core","331"
"Firebrands pg. 89 2.0","Firebrands","89"
"Dark Archive pg. 105","Dark Archive","105"
"Pathfinder #171: Hurricane's Howl pg. 77","Pathfinder #171: Hurricane's Howl","77"
"Player Core pg. 333 2.0","Player Core","333"
"The Enmity Cycle pg. 61","The Enmity Cycle","61"
"Core Rulebook pg. 341 4.0","Core Rulebook","341"
"Player Core 2 pg. 246","Player Core 2","246"
"Player Core pg. 335 2.0","Player Core","335"
"Rage of Elements pg. 120 2.0","Rage of Elements","120"
"Player Core pg. 335 2.0","Player Core","335"
"Player Core pg. 335 2.0","Player Core","335"
"Player Core pg. 336 2.0","Player Core","336"
"Player Core pg. 336 2.0","Player Core","336"
"Secrets of Magic pg. 110 1.1","Secrets of Magic","110"
"Kingmaker Companion Guide pg. 95","Kingmaker Companion Guide","95"
"Player Core pg. 338 2.0","Player Core","338"
"Pathfinder #188: They Watched the Stars pg. 81","Pathfinder #188: They Watched the Stars","81"
"Player Core pg. 340 2.0","Player Core","340"
"Secrets of Magic pg. 113 1.1","Secrets of Magic","113"
"Knights of Lastwall pg. 94","Knights of Lastwall","94"
"Player Core pg. 341 2.0","Player Core","341"
"Player Core pg. 341 2.0","Player Core","341"
"Rage of Elements pg. 197 2.0","Rage of Elements","197"
"Player Core pg. 341 2.0","Player Core","341"
"Pathfinder #158: Sixty Feet Under pg. 77","Pathfinder #158: Sixty Feet Under","77"
"Secrets of Magic pg. 114 1.1","Secrets of Magic","114"
"Knights of Lastwall pg. 94","Knights of Lastwall","94"
"Secrets of Magic pg. 116 1.1","Secrets of Magic","116"
"Player Core pg. 343 2.0","Player Core","343"
"Pathfinder #172: Secrets of the Temple City pg. 77","Pathfinder #172: Secrets of the Temple City","77"
"Dark Archive pg. 106","Dark Archive","106"
"Firebrands pg. 90 2.0","Firebrands","90"
"Rage of Elements pg. 145 2.0","Rage of Elements","145"
"Player Core pg. 347 2.0","Player Core","347"
"Secrets of Magic pg. 119 1.1","Secrets of Magic","119"
"Secrets of Magic pg. 119 1.1","Secrets of Magic","119"
"Secrets of Magic pg. 120 1.1","Secrets of Magic","120"
"Pathfinder #175: Broken Tusk Moon pg. 80","Pathfinder #175: Broken Tusk Moon","80"
"Player Core pg. 348 2.0","Player Core","348"
"Firebrands pg. 90 2.0","Firebrands","90"
"PFS Guide pg. 123","PFS Guide","123"
"Secrets of Magic pg. 121 1.1","Secrets of Magic","121"
"Rage of Elements pg. 174 2.0, Pathfinder #152: Legacy of the Lost God pg. 77","Rage of Elements","174"
"Secrets of Magic pg. 122 1.1","Secrets of Magic","122"
"Howl of the Wild pg. 86 2.0","Howl of the Wild","86"
"Pathfinder #152: Legacy of the Lost God pg. 77","Pathfinder #152: Legacy of the Lost God","77"
"Dark Archive pg. 106","Dark Archive","106"
"Player Core pg. 354 2.0","Player Core","354"
"Secrets of Magic pg. 126 1.1","Secrets of Magic","126"
"Player Core 2 pg. 250","Player Core 2","250"
"Player Core pg. 355 2.0","Player Core","355"
"Rage of Elements pg. 96 2.0","Rage of Elements","96"
"Rage of Elements pg. 175 2.0","Rage of Elements","175"
"Advanced Player's Guide pg. 224 2.0","Advanced Player's Guide","224"
"Dark Archive pg. 106","Dark Archive","106"
"Core Rulebook pg. 367 4.0","Core Rulebook","367"
"Secrets of Magic pg. 129 1.1","Secrets of Magic","129"
"Dark Archive pg. 107","Dark Archive","107"
"Player Core 2 pg. 251","Player Core 2","251"
"Secrets of Magic pg. 129 1.1","Secrets of Magic","129"
"Gods & Magic pg. 110 2.0","Gods & Magic","110"
"Gods & Magic pg. 110 2.0","Gods & Magic","110"
"Player Core 2 pg. 252","Player Core 2","252"
"Knights of Lastwall pg. 95","Knights of Lastwall","95"
"Player Core pg. 357 2.0","Player Core","357"
"Secrets of Magic pg. 129 1.1","Secrets of Magic","129"
"Firebrands pg. 91 2.0","Firebrands","91"
"Player Core pg. 358 2.0","Player Core","358"
"Core Rulebook pg. 373 4.0","Core Rulebook","373"
"Secrets of Magic pg. 130 1.1","Secrets of Magic","130"
"Rage of Elements pg. 72 2.0","Rage of Elements","72"
"Dark Archive pg. 183","Dark Archive","183"
"Player Core 2 pg. 254","Player Core 2","254"
"Secrets of Magic pg. 136 1.1","Secrets of Magic","136"
"Dark Archive pg. 183","Dark Archive","183"
"Kingmaker Companion Guide pg. 46","Kingmaker Companion Guide","46"
"Pathfinder #151: The Show Must Go On pg. 79","Pathfinder #151: The Show Must Go On","79"
"Player Core pg. 365 2.0","Player Core","365"
"Player Core pg. 366 2.0","Player Core","366"
"Pathfinder #172: Secrets of the Temple City pg. 78","Pathfinder #172: Secrets of the Temple City","78"
"Pathfinder #172: Secrets of the Temple City pg. 78","Pathfinder #172: Secrets of the Temple City","78"
"Player Core pg. 367 2.0","Player Core","367"
"Knights of Lastwall pg. 95","Knights of Lastwall","95"
"Secrets of Magic pg. 139 1.1","Secrets of Magic","139"
"Player Core pg. 368 2.0","Player Core","368"
"Player Core 2 pg. 255","Player Core 2","255"
"Secrets of Magic pg. 140 1.1","Secrets of Magic","140"
"Secrets of Magic pg. 140 1.1","Secrets of Magic","140"
"Gods & Magic pg. 111 2.0","Gods & Magic","111"
"Rage of Elements pg. 199 2.0","Rage of Elements","199"
"Player Core pg. 314 2.0","Player Core","314"
"Core Rulebook pg. 317 4.0","Core Rulebook","317"
"Rage of Elements pg. 70 2.0","Rage of Elements","70"
"Core Rulebook pg. 317 4.0","Core Rulebook","317"
"Legends pg. 37","Legends","37"
"Player Core 2 pg. 240","Player Core 2","240"
"Secrets of Magic pg. 92 1.1","Secrets of Magic","92"
"Firebrands pg. 88 2.0","Firebrands","88"
"Pathfinder #165: Eyes of Empty Death pg. 75","Pathfinder #165: Eyes of Empty Death","75"
"Player Core 2 pg. 242","Player Core 2","242"
"Secrets of Magic pg. 95 1.1","Secrets of Magic","95"
"Secrets of Magic pg. 95 1.1","Secrets of Magic","95"
"Rage of Elements pg. 118 2.0","Rage of Elements","118"
"Player Core pg. 320 2.0","Player Core","320"
"Pathfinder #172: Secrets of the Temple City pg. 77","Pathfinder #172: Secrets of the Temple City","77"
"Pathfinder #152: Legacy of the Lost God pg. 77","Pathfinder #152: Legacy of the Lost God","77"
"Secrets of Magic pg. 247 1.1","Secrets of Magic","247"
"Player Core pg. 321 2.0","Player Core","321"
"Player Core 2 pg. 243","Player Core 2","243"
"Secrets of Magic pg. 96 1.1","Secrets of Magic","96"
"Player Core 2 pg. 243","Player Core 2","243"
"Player Core pg. 322 2.0","Player Core","322"
"Kingmaker Companion Guide pg. 71","Kingmaker Companion Guide","71"
"Pathfinder #164: Hands of the Devil pg. 73","Pathfinder #164: Hands of the Devil","73"
"Wake the Dead #4 pg. 29","Wake the Dead #4","29"
"Knights of Lastwall pg. 93","Knights of Lastwall","93"
"Player Core pg. 324 2.0","Player Core","324"
"Player Core pg. 324 2.0","Player Core","324"
"Pathfinder #186: Ghost King's Rage pg. 75","Pathfinder #186: Ghost King's Rage","75"
"Core Rulebook pg. 330 4.0","Core Rulebook","330"
"Player Core pg. 325 2.0","Player Core","325"
"Player Core pg. 326 2.0","Player Core","326"
"Secrets of Magic pg. 101 1.1","Secrets of Magic","101"
"Player Core 2 pg. 244","Player Core 2","244"
"Secrets of Magic pg. 103 1.1","Secrets of Magic","103"
"Rage of Elements pg. 222 2.0","Rage of Elements","222"
"Pathfinder #177: Burning Tundra pg. 76","Pathfinder #177: Burning Tundra","76"
"Knights of Lastwall pg. 93","Knights of Lastwall","93"
"Pathfinder #197: Let the Leaves Fall pg. 75","Pathfinder #197: Let the Leaves Fall","75"
"Dark Archive pg. 93","Dark Archive","93"
"Pathfinder #152: Legacy of the Lost God pg. 77","Pathfinder #152: Legacy of the Lost God","77"
"Secrets of Magic pg. 105 1.1","Secrets of Magic","105"
"Player Core pg. 331 2.0","Player Core","331"
"Player Core pg. 332 2.0","Player Core","332"
"Player Core pg. 332 2.0","Player Core","332"
"Pathfinder #147: Tomorrow Must Burn pg. 73","Pathfinder #147: Tomorrow Must Burn","73"
"Player Core 2 pg. 246","Player Core 2","246"
"Pathfinder #171: Hurricane's Howl pg. 77","Pathfinder #171: Hurricane's Howl","77"
"Rage of Elements pg. 94 2.0","Rage of Elements","94"
"Rage of Elements pg. 173 2.0","Rage of Elements","173"
"Rage of Elements pg. 95 2.0","Rage of Elements","95"
"Player Core 2 pg. 246","Player Core 2","246"
"Player Core pg. 335 2.0","Player Core","335"
"Player Core pg. 336 2.0","Player Core","336"
"Player Core 2 pg. 247","Player Core 2","247"
"Dark Archive pg. 105","Dark Archive","105"
"Secrets of Magic pg. 112 1.1","Secrets of Magic","112"
"Malevolence pg. 67","Malevolence","67"
"Secrets of Magic pg. 112 1.1","Secrets of Magic","112"
"Pathfinder #197: Let the Leaves Fall pg. 71","Pathfinder #197: Let the Leaves Fall","71"
"Pathfinder #197: Let the Leaves Fall pg. 75","Pathfinder #197: Let the Leaves Fall","75"
"Rage of Elements pg. 196 2.0","Rage of Elements","196"
"Player Core pg. 341 2.0","Player Core","341"
"Howl of the Wild pg. 86 2.0","Howl of the Wild","86"
"Secrets of Magic pg. 114 1.1","Secrets of Magic","114"
"Prey for Death pg. 99","Prey for Death","99"
"Rage of Elements pg. 144 2.0","Rage of Elements","144"
"Player Core pg. 344 2.0","Player Core","344"
"Secrets of Magic pg. 117 1.1","Secrets of Magic","117"
"Rage of Elements pg. 173 2.0","Rage of Elements","173"
"Dark Archive pg. 182","Dark Archive","182"
"Player Core pg. 346 2.0","Player Core","346"
"Pathfinder #183: Field of Maidens pg. 78","Pathfinder #183: Field of Maidens","78"
"Secrets of Magic pg. 117 1.1","Secrets of Magic","117"
"Pathfinder #154: Siege of the Dinosaurs pg. 75","Pathfinder #154: Siege of the Dinosaurs","75"
"Player Core pg. 346 2.0","Player Core","346"
"Secrets of Magic pg. 118 1.1","Secrets of Magic","118"
"Player Core pg. 347 2.0","Player Core","347"
"Secrets of Magic pg. 120 1.1","Secrets of Magic","120"
"Player Core pg. 348 2.0","Player Core","348"
"Secrets of Magic pg. 121 1.1","Secrets of Magic","121"
"Secrets of Magic pg. 121 1.1","Secrets of Magic","121"
"Kingmaker Companion Guide pg. 46","Kingmaker Companion Guide","46"
"Rage of Elements pg. 120 2.0","Rage of Elements","120"
"Player Core pg. 350 2.0","Player Core","350"
"Pathfinder #183: Field of Maidens pg. 78","Pathfinder #183: Field of Maidens","78"
"Pathfinder #197: Let the Leaves Fall pg. 76","Pathfinder #197: Let the Leaves Fall","76"
"Knights of Lastwall pg. 94","Knights of Lastwall","94"
"Pathfinder #183: Field of Maidens pg. 79","Pathfinder #183: Field of Maidens","79"
"Secrets of Magic pg. 124 1.1","Secrets of Magic","124"
"Player Core pg. 352 2.0","Player Core","352"
"Legends pg. 37","Legends","37"
"Gods & Magic pg. 109 2.0","Gods & Magic","109"
"Secrets of Magic pg. 125 1.1","Secrets of Magic","125"
"Player Core pg. 353 2.0","Player Core","353"
"Rage of Elements pg. 197 2.0","Rage of Elements","197"
"Rage of Elements pg. 145 2.0","Rage of Elements","145"
"Advanced Player's Guide pg. 223 2.0","Advanced Player's Guide","223"
"Pathfinder #197: Let the Leaves Fall pg. 76","Pathfinder #197: Let the Leaves Fall","76"
"Abomination Vaults Hardcover pg. 73, Pathfinder #164: Hands of the Devil pg. 73","Abomination Vaults Hardcover","73"
"Secrets of Magic pg. 127 1.1","Secrets of Magic","127"
"Player Core 2 pg. 251","Player Core 2","251"
"Player Core pg. 356 2.0","Player Core","356"
"Rage of Elements pg. 96 2.0","Rage of Elements","96"
"Howl of the Wild pg. 86 2.0","Howl of the Wild","86"
"Dark Archive pg. 107","Dark Archive","107"
"Core Rulebook pg. 370 4.0","Core Rulebook","370"
"Secrets of Magic pg. 129 1.1","Secrets of Magic","129"
"Core Rulebook pg. 371 4.0","Core Rulebook","371"
"Advanced Player's Guide pg. 225 2.0","Advanced Player's Guide","225"
"Pathfinder #147: Tomorrow Must Burn pg. 74","Pathfinder #147: Tomorrow Must Burn","74"
"Secrets of Magic pg. 130 1.1","Secrets of Magic","130"
"Pathfinder #186: Ghost King's Rage pg. 77","Pathfinder #186: Ghost King's Rage","77"
"Rage of Elements pg. 71 2.0","Rage of Elements","71"
"Pathfinder #194: Cult of the Cave Worm pg. 79","Pathfinder #194: Cult of the Cave Worm","79"
"Player Core pg. 360 2.0","Player Core","360"
"Pathfinder #160: Assault on Hunting Lodge Seven pg. 81","Pathfinder #160: Assault on Hunting Lodge Seven","81"
"Player Core pg. 362 2.0","Player Core","362"
"Player Core pg. 363 2.0","Player Core","363"
"Pathfinder #197: Let the Leaves Fall pg. 76","Pathfinder #197: Let the Leaves Fall","76"
"Secrets of Magic pg. 137 1.1","Secrets of Magic","137"
"Player Core pg. 363 2.0","Player Core","363"
"Secrets of Magic pg. 137 1.1","Secrets of Magic","137"
"Player Core pg. 365 2.0","Player Core","365"
"Player Core 2 pg. 254","Player Core 2","254"
"Player Core pg. 365 2.0","Player Core","365"
"Secrets of Magic pg. 138 1.1","Secrets of Magic","138"
"Kingmaker Companion Guide pg. 103","Kingmaker Companion Guide","103"
"Player Core pg. 366 2.0","Player Core","366"
"Player Core pg. 366 2.0","Player Core","366"
"Player Core pg. 367 2.0","Player Core","367"
"Pathfinder #197: Let the Leaves Fall pg. 76","Pathfinder #197: Let the Leaves Fall","76"
"Player Core pg. 369 2.0","Player Core","369"
"Pathfinder #182: Graveclaw pg. 79","Pathfinder #182: Graveclaw","79"
"Player Core 2 pg. 255","Player Core 2","255"
"Secrets of Magic pg. 141 1.1","Secrets of Magic","141"
"Rage of Elements pg. 121 2.0","Rage of Elements","121"
"Rage of Elements pg. 73 2.0","Rage of Elements","73"
"Secrets of Magic pg. 88 1.1","Secrets of Magic","88"
"Core Rulebook pg. 316 4.0","Core Rulebook","316"
"Gods & Magic pg. 106 2.0","Gods & Magic","106"
"Secrets of Magic pg. 90 1.1","Secrets of Magic","90"
"Player Core pg. 317 2.0","Player Core","317"
"Firebrands pg. 88 2.0","Firebrands","88"
"Pathfinder #171: Hurricane's Howl pg. 78","Pathfinder #171: Hurricane's Howl","78"
"Secrets of Magic pg. 91 1.1","Secrets of Magic","91"
"Secrets of Magic pg. 91 1.1","Secrets of Magic","91"
"Pathfinder #182: Graveclaw pg. 78","Pathfinder #182: Graveclaw","78"
"Firebrands pg. 88 2.0","Firebrands","88"
"Secrets of Magic pg. 92 1.1","Secrets of Magic","92"
"Player Core 2 pg. 241","Player Core 2","241"
"Pathfinder #154: Siege of the Dinosaurs pg. 74","Pathfinder #154: Siege of the Dinosaurs","74"
"Player Core pg. 319 2.0","Player Core","319"
"Player Core 2 pg. 242","Player Core 2","242"
"Core Rulebook pg. 323 4.0","Core Rulebook","323"
"Player Core 2 pg. 242","Player Core 2","242"
"Howl of the Wild pg. 84 2.0","Howl of the Wild","84"
"Player Core pg. 321 2.0","Player Core","321"
"Player Core 2 pg. 243","Player Core 2","243"
"Core Rulebook pg. 328 4.0","Core Rulebook","328"
"Knights of Lastwall pg. 92","Knights of Lastwall","92"
"Player Core pg. 325 2.0","Player Core","325"
"Player Core pg. 327 2.0","Player Core","327"
"Player Core 2 pg. 244","Player Core 2","244"
"Pathfinder #165: Eyes of Empty Death pg. 75","Pathfinder #165: Eyes of Empty Death","75"
"Rage of Elements pg. 222 2.0","Rage of Elements","222"
"Player Core pg. 328 2.0","Player Core","328"
"Rage of Elements pg. 94 2.0","Rage of Elements","94"
"Rage of Elements pg. 196 2.0","Rage of Elements","196"
"Dark Archive pg. 105","Dark Archive","105"
"Player Core pg. 330 2.0","Player Core","330"
"Rage of Elements pg. 119 2.0","Rage of Elements","119"
"Rage of Elements pg. 119 2.0","Rage of Elements","119"
"Rage of Elements pg. 119 2.0","Rage of Elements","119"
"Secrets of Magic pg. 106 1.1","Secrets of Magic","106"
"Secrets of Magic pg. 106 1.1","Secrets of Magic","106"
"Secrets of Magic pg. 106 1.1","Secrets of Magic","106"
"Rage of Elements pg. 173 2.0","Rage of Elements","173"
"Secrets of Magic pg. 108 1.1","Secrets of Magic","108"
"Secrets of Magic pg. 108 1.1","Secrets of Magic","108"
"Player Core 2 pg. 246","Player Core 2","246"
"Player Core pg. 334 2.0","Player Core","334"
"Secrets of Magic pg. 110 1.1","Secrets of Magic","110"
"Player Core pg. 335 2.0","Player Core","335"
"Player Core pg. 337 2.0","Player Core","337"
"Player Core 2 pg. 247","Player Core 2","247"
"Player Core pg. 338 2.0","Player Core","338"
"Pathfinder #177: Burning Tundra pg. 77","Pathfinder #177: Burning Tundra","77"
"Secrets of Magic pg. 111 1.1","Secrets of Magic","111"
"Pathfinder #185: A Taste of Ashes pg. 79","Pathfinder #185: A Taste of Ashes","79"
"Player Core pg. 340 2.0","Player Core","340"
"Pathfinder #187: The Seventh Arch pg. 81","Pathfinder #187: The Seventh Arch","81"
"Player Core 2 pg. 248","Player Core 2","248"
"Player Core pg. 342 2.0","Player Core","342"
"Secrets of Magic pg. 115 1.1","Secrets of Magic","115"
"Secrets of Magic pg. 115 1.1","Secrets of Magic","115"
"Rage of Elements pg. 143 2.0","Rage of Elements","143"
"Rage of Elements pg. 197 2.0","Rage of Elements","197"
"Player Core pg. 342 2.0","Player Core","342"
"Player Core pg. 343 2.0","Player Core","343"
"Pathfinder #171: Hurricane's Howl pg. 78","Pathfinder #171: Hurricane's Howl","78"
"Secrets of Magic pg. 116 1.1","Secrets of Magic","116"
"Player Core pg. 345 2.0","Player Core","345"
"Player Core pg. 346 2.0","Player Core","346"
"Pathfinder #155: Lord of the Black Sands pg. 74","Pathfinder #155: Lord of the Black Sands","74"
"Player Core pg. 350 2.0","Player Core","350"
"Secrets of Magic pg. 122 1.1","Secrets of Magic","122"
"Rage of Elements pg. 71 2.0","Rage of Elements","71"
"Dark Archive pg. 182","Dark Archive","182"
"Firebrands pg. 90 2.0","Firebrands","90"
"Pathfinder #153: Life's Long Shadows pg. 67","Pathfinder #153: Life's Long Shadows","67"
"Secrets of Magic pg. 125 1.1","Secrets of Magic","125"
"Pathfinder #166: Despair on Danger Island pg. 77","Pathfinder #166: Despair on Danger Island","77"
"Secrets of Magic pg. 126 1.1","Secrets of Magic","126"
"Secrets of Magic pg. 126 1.1","Secrets of Magic","126"
"Pathfinder #182: Graveclaw pg. 79","Pathfinder #182: Graveclaw","79"
"Prey for Death pg. 100","Prey for Death","100"
"Knights of Lastwall pg. 94","Knights of Lastwall","94"
"Player Core pg. 355 2.0","Player Core","355"
"Player Core pg. 356 2.0","Player Core","356"
"Player Core pg. 356 2.0","Player Core","356"
"Core Rulebook pg. 368 4.0","Core Rulebook","368"
"Player Core pg. 357 2.0","Player Core","357"
"Pathfinder #183: Field of Maidens pg. 79","Pathfinder #183: Field of Maidens","79"
"Player Core pg. 358 2.0","Player Core","358"
"Player Core pg. 359 2.0","Player Core","359"
"Pathfinder #186: Ghost King's Rage pg. 76","Pathfinder #186: Ghost King's Rage","76"
"Dark Archive pg. 182","Dark Archive","182"
"Pathfinder #171: Hurricane's Howl pg. 77","Pathfinder #171: Hurricane's Howl","77"
"Player Core 2 pg. 252","Player Core 2","252"
"Player Core pg. 359 2.0","Player Core","359"
"Secrets of Magic pg. 131 1.1","Secrets of Magic","131"
"Secrets of Magic pg. 131 1.1","Secrets of Magic","131"
"Player Core pg. 360 2.0","Player Core","360"
"Player Core pg. 360 2.0","Player Core","360"
"Player Core pg. 360 2.0","Player Core","360"
"Player Core pg. 361 2.0","Player Core","361"
"Player Core pg. 361 2.0","Player Core","361"
"Impossible Lands pg. 306","Impossible Lands","306"
"Player Core pg. 361 2.0","Player Core","361"
"Player Core pg. 362 2.0","Player Core","362"
"Player Core 2 pg. 253","Player Core 2","253"
"Player Core pg. 362 2.0","Player Core","362"
"Core Rulebook pg. 377 4.0","Core Rulebook","377"
"Secrets of Magic pg. 136 1.1","Secrets of Magic","136"
"Player Core pg. 363 2.0","Player Core","363"
"Advanced Player's Guide pg. 226 2.0","Advanced Player's Guide","226"
"Player Core pg. 364 2.0","Player Core","364"
"Player Core pg. 364 2.0","Player Core","364"
"Player Core 2 pg. 254","Player Core 2","254"
"Player Core pg. 367 2.0","Player Core","367"
"Player Core pg. 367 2.0","Player Core","367"
"Player Core pg. 369 2.0","Player Core","369"
"Rage of Elements pg. 73 2.0","Rage of Elements","73"
"Pathfinder #160: Assault on Hunting Lodge Seven pg. 81","Pathfinder #160: Assault on Hunting Lodge Seven","81"
"Rage of Elements pg. 196 2.0","Rage of Elements","196"
"Pathfinder #166: Despair on Danger Island pg. 77","Pathfinder #166: Despair on Danger Island","77"
"Dark Archive pg. 181","Dark Archive","181"
"Player Core 2 pg. 241","Player Core 2","241"
"Player Core pg. 318 2.0","Player Core","318"
"Player Core 2 pg. 241","Player Core 2","241"
"Pathfinder #186: Ghost King's Rage pg. 75","Pathfinder #186: Ghost King's Rage","75"
"Secrets of Magic pg. 94 1.1","Secrets of Magic","94"
"Secrets of Magic pg. 247 1.1","Secrets of Magic","247"
"Player Core pg. 319 2.0","Player Core","319"
"Secrets of Magic pg. 95 1.1","Secrets of Magic","95"
"Player Core 2 pg. 243","Player Core 2","243"
"Prey for Death pg. 99","Prey for Death","99"
"Player Core pg. 322 2.0","Player Core","322"
"Secrets of Magic pg. 98 1.1","Secrets of Magic","98"
"Secrets of Magic pg. 99 1.1","Secrets of Magic","99"
"Secrets of Magic pg. 99 1.1","Secrets of Magic","99"
"Player Core pg. 325 2.0","Player Core","325"
"Player Core pg. 326 2.0","Player Core","326"
"Player Core pg. 326 2.0","Player Core","326"
"Secrets of Magic pg. 102 1.1","Secrets of Magic","102"
"Pathfinder #197: Let the Leaves Fall pg. 71","Pathfinder #197: Let the Leaves Fall","71"
"Player Core pg. 331 2.0","Player Core","331"
"Rage of Elements pg. 143 2.0","Rage of Elements","143"
"Secrets of Magic pg. 106 1.1","Secrets of Magic","106"
"Rage of Elements pg. 173 2.0","Rage of Elements","173"
"Pathfinder #171: Hurricane's Howl pg. 78","Pathfinder #171: Hurricane's Howl","78"
"Pathfinder #182: Graveclaw pg. 78","Pathfinder #182: Graveclaw","78"
"Legends pg. 65","Legends","65"
"Wake the Dead #3 pg. 25","Wake the Dead #3","25"
"Rage of Elements pg. 197 2.0","Rage of Elements","197"
"Monsters of Myth pg. 89","Monsters of Myth","89"
"Pathfinder #183: Field of Maidens pg. 77","Pathfinder #183: Field of Maidens","77"
"Player Core pg. 344 2.0","Player Core","344"
"Secrets of Magic pg. 117 1.1","Secrets of Magic","117"
"Secrets of Magic pg. 118 1.1","Secrets of Magic","118"
"Player Core pg. 346 2.0","Player Core","346"
"Rage of Elements pg. 174 2.0","Rage of Elements","174"
"Player Core pg. 349 2.0","Player Core","349"
"Player Core pg. 349 2.0","Player Core","349"
"Rage of Elements pg. 71 2.0","Rage of Elements","71"
"Dark Archive pg. 106","Dark Archive","106"
"Core Rulebook pg. 362 4.0","Core Rulebook","362"
"Player Core pg. 352 2.0","Player Core","352"
"Pathfinder #186: Ghost King's Rage pg. 76","Pathfinder #186: Ghost King's Rage","76"
"Player Core pg. 353 2.0","Player Core","353"
"Firebrands pg. 91 2.0","Firebrands","91"
"Player Core 2 pg. 250","Player Core 2","250"
"Player Core 2 pg. 251","Player Core 2","251"
"Player Core pg. 355 2.0","Player Core","355"
"Player Core pg. 358 2.0","Player Core","358"
"Player Core pg. 358 2.0","Player Core","358"
"Core Rulebook pg. 374 4.0","Core Rulebook","374"
"Pathfinder #186: Ghost King's Rage pg. 77","Pathfinder #186: Ghost King's Rage","77"
"Dark Archive pg. 183","Dark Archive","183"
"Player Core pg. 362 2.0","Player Core","362"
"Player Core pg. 363 2.0","Player Core","363"
"Pathfinder #173: Doorway to the Red Star pg. 78","Pathfinder #173: Doorway to the Red Star","78"
"Player Core pg. 364 2.0","Player Core","364"
"Player Core pg. 364 2.0","Player Core","364"
"Secrets of Magic pg. 138 1.1","Secrets of Magic","138"
"Player Core pg. 365 2.0","Player Core","365"
"Player Core pg. 366 2.0","Player Core","366"
"Rage of Elements pg. 97 2.0","Rage of Elements","97"
"Player Core pg. 367 2.0","Player Core","367"
"Rage of Elements pg. 145 2.0","Rage of Elements","145"
"Kingmaker Companion Guide pg. 47","Kingmaker Companion Guide","47"
"Player Core pg. 369 2.0","Player Core","369"
"Secrets of Magic pg. 141 1.1","Secrets of Magic","141"
"Secrets of Magic pg. 89 1.1","Secrets of Magic","89"
"Rage of Elements pg. 142 2.0","Rage of Elements","142"
"Pathfinder #155: Lord of the Black Sands pg. 73","Pathfinder #155: Lord of the Black Sands","73"
"Player Core pg. 321 2.0","Player Core","321"
"Pathfinder #155: Lord of the Black Sands pg. 73","Pathfinder #155: Lord of the Black Sands","73"
"Secrets of Magic pg. 97 1.1","Secrets of Magic","97"
"Secrets of Magic pg. 98 1.1","Secrets of Magic","98"
"Pathfinder #185: A Taste of Ashes pg. 79","Pathfinder #185: A Taste of Ashes","79"
"Rage of Elements pg. 172 2.0","Rage of Elements","172"
"Secrets of Magic pg. 99 1.1","Secrets of Magic","99"
"Player Core pg. 325 2.0","Player Core","325"
"Core Rulebook pg. 331 4.0","Core Rulebook","331"
"Player Core pg. 327 2.0","Player Core","327"
"Player Core pg. 328 2.0","Player Core","328"
"Player Core pg. 328 2.0","Player Core","328"
"Pathfinder #154: Siege of the Dinosaurs pg. 74","Pathfinder #154: Siege of the Dinosaurs","74"
"Core Rulebook pg. 336 4.0","Core Rulebook","336"
"Player Core pg. 329 2.0","Player Core","329"
"Player Core pg. 331 2.0","Player Core","331"
"Secrets of Magic pg. 108 1.1","Secrets of Magic","108"
"Rage of Elements pg. 95 2.0","Rage of Elements","95"
"Rage of Elements pg. 173 2.0","Rage of Elements","173"
"Secrets of Magic pg. 111 1.1","Secrets of Magic","111"
"Player Core pg. 339 2.0","Player Core","339"
"Pathfinder #160: Assault on Hunting Lodge Seven pg. 80","Pathfinder #160: Assault on Hunting Lodge Seven","80"
"Player Core 2 pg. 247","Player Core 2","247"
"Player Core pg. 342 2.0","Player Core","342"
"Pathfinder #158: Sixty Feet Under pg. 77","Pathfinder #158: Sixty Feet Under","77"
"Dark Archive pg. 106","Dark Archive","106"
"Pathfinder #172: Secrets of the Temple City pg. 77","Pathfinder #172: Secrets of the Temple City","77"
"Player Core pg. 350 2.0","Player Core","350"
"Player Core pg. 350 2.0","Player Core","350"
"Rage of Elements pg. 197 2.0","Rage of Elements","197"
"Player Core pg. 350 2.0","Player Core","350"
"Core Rulebook pg. 358 4.0","Core Rulebook","358"
"Secrets of Magic pg. 122 1.1","Secrets of Magic","122"
"Core Rulebook pg. 360 4.0","Core Rulebook","360"
"Player Core pg. 351 2.0","Player Core","351"
"Player Core pg. 352 2.0","Player Core","352"
"Player Core pg. 353 2.0","Player Core","353"
"Pathfinder #173: Doorway to the Red Star pg. 77","Pathfinder #173: Doorway to the Red Star","77"
"Core Rulebook pg. 365 4.0","Core Rulebook","365"
"Secrets of Magic pg. 129 1.1","Secrets of Magic","129"
"Rage of Elements pg. 71 2.0","Rage of Elements","71"
"Player Core 2 pg. 252","Player Core 2","252"
"Core Rulebook pg. 371 4.0","Core Rulebook","371"
"Howl of the Wild pg. 87 2.0","Howl of the Wild","87"
"Player Core pg. 361 2.0","Player Core","361"
"Dark Archive pg. 107","Dark Archive","107"
"Secrets of Magic pg. 135 1.1","Secrets of Magic","135"
"Gods & Magic pg. 111 2.0","Gods & Magic","111"
"Player Core pg. 364 2.0","Player Core","364"
"Player Core pg. 365 2.0","Player Core","365"
"Rage of Elements pg. 72 2.0","Rage of Elements","72"
"Player Core 2 pg. 254","Player Core 2","254"
"Player Core pg. 366 2.0","Player Core","366"
"Player Core pg. 368 2.0","Player Core","368"
"Legends pg. 64","Legends","64"
"Core Rulebook pg. 318 4.0","Core Rulebook","318"
"Player Core pg. 316 2.0","Player Core","316"
"Secrets of Magic pg. 92 1.1","Secrets of Magic","92"
"Secrets of Magic pg. 93 1.1","Secrets of Magic","93"
"Player Core pg. 319 2.0","Player Core","319"
"Secrets of Magic pg. 96 1.1","Secrets of Magic","96"
"Player Core 2 pg. 243","Player Core 2","243"
"Pathfinder #156: The Apocalypse Prophet pg. 76","Pathfinder #156: The Apocalypse Prophet","76"
"Player Core pg. 323 2.0","Player Core","323"
"Pathfinder #156: The Apocalypse Prophet pg. 76","Pathfinder #156: The Apocalypse Prophet","76"
"Player Core pg. 324 2.0","Player Core","324"
"Secrets of Magic pg. 100 1.1","Secrets of Magic","100"
"Core Rulebook pg. 331 4.0","Core Rulebook","331"
"Player Core pg. 325 2.0","Player Core","325"
"Player Core 2 pg. 244","Player Core 2","244"
"Player Core pg. 327 2.0","Player Core","327"
"Dark Archive pg. 105","Dark Archive","105"
"Rage of Elements pg. 142 2.0","Rage of Elements","142"
"Player Core pg. 335 2.0","Player Core","335"
"Monsters of Myth pg. 89","Monsters of Myth","89"
"Player Core pg. 343 2.0","Player Core","343"
"Player Core pg. 344 2.0","Player Core","344"
"Player Core pg. 344 2.0","Player Core","344"
"Player Core pg. 349 2.0","Player Core","349"
"Core Rulebook pg. 359 4.0","Core Rulebook","359"
"Core Rulebook pg. 360 4.0","Core Rulebook","360"
"Pathfinder #156: The Apocalypse Prophet pg. 76","Pathfinder #156: The Apocalypse Prophet","76"
"Player Core pg. 351 2.0","Player Core","351"
"Player Core pg. 351 2.0","Player Core","351"
"Rage of Elements pg. 121 2.0","Rage of Elements","121"
"Player Core 2 pg. 252","Player Core 2","252"
"Player Core 2 pg. 252","Player Core 2","252"
"Secrets of Magic pg. 131 1.1","Secrets of Magic","131"
"Secrets of Magic pg. 131 1.1","Secrets of Magic","131"
"Rage of Elements pg. 222 2.0","Rage of Elements","222"
"Dark Archive pg. 182","Dark Archive","182"
"Howl of the Wild pg. 87 2.0","Howl of the Wild","87"
"Player Core pg. 364 2.0","Player Core","364"
"Pathfinder #156: The Apocalypse Prophet pg. 76","Pathfinder #156: The Apocalypse Prophet","76"
"Player Core pg. 365 2.0","Player Core","365"
"Rage of Elements pg. 175 2.0","Rage of Elements","175"
"Secrets of Magic pg. 141 1.1","Secrets of Magic","141"
"Pathfinder #156: The Apocalypse Prophet pg. 76","Pathfinder #156: The Apocalypse Prophet","76"
"Dark Archive pg. 104","Dark Archive","104"
"Wake the Dead #3 pg. 25","Wake the Dead #3","25"
"Core Rulebook pg. 327 4.0","Core Rulebook","327"
"Player Core pg. 324 2.0","Player Core","324"
"Pathfinder #162: Ruins of the Radiant Siege pg. 75","Pathfinder #162: Ruins of the Radiant Siege","75"
"Player Core pg. 330 2.0","Player Core","330"
"Player Core pg. 332 2.0","Player Core","332"
"Player Core pg. 338 2.0","Player Core","338"
"Pathfinder #160: Assault on Hunting Lodge Seven pg. 81","Pathfinder #160: Assault on Hunting Lodge Seven","81"
"Rage of Elements pg. 143 2.0","Rage of Elements","143"
"Player Core pg. 342 2.0","Player Core","342"
"Player Core pg. 343 2.0","Player Core","343"
"Player Core 2 pg. 248","Player Core 2","248"
"Secrets of Magic pg. 118 1.1","Secrets of Magic","118"
"Player Core pg. 347 2.0","Player Core","347"
"Player Core pg. 349 2.0","Player Core","349"
"Core Rulebook pg. 358 4.0","Core Rulebook","358"
"Pathfinder #162: Ruins of the Radiant Siege pg. 75","Pathfinder #162: Ruins of the Radiant Siege","75"
"Core Rulebook pg. 359 4.0","Core Rulebook","359"
"Secrets of Magic pg. 122 1.1","Secrets of Magic","122"
"Player Core 2 pg. 250","Player Core 2","250"
"Player Core pg. 355 2.0","Player Core","355"
"Impossible Lands pg. 306","Impossible Lands","306"
"Secrets of Magic pg. 133 1.1","Secrets of Magic","133"
"Player Core 2 pg. 253","Player Core 2","253"
"Pathfinder #184: The Ghouls Hunger pg. 73","Pathfinder #184: The Ghouls Hunger","73"
"Player Core pg. 364 2.0","Player Core","364"
"Secrets of Magic pg. 138 1.1","Secrets of Magic","138"
"Pathfinder #156: The Apocalypse Prophet pg. 77","Pathfinder #156: The Apocalypse Prophet","77"
"Secrets of Magic pg. 139 1.1","Secrets of Magic","139"
"Player Core pg. 367 2.0","Player Core","367"
"Player Core 2 pg. 255","Player Core 2","255"
"Player Core pg. 369 2.0","Player Core","369"
"Player Core pg. 316 2.0","Player Core","316"
"Player Core pg. 319 2.0","Player Core","319"
"Pathfinder #177: Burning Tundra pg. 76","Pathfinder #177: Burning Tundra","76"
"Secrets of Magic pg. 101 1.1","Secrets of Magic","101"
"Player Core pg. 330 2.0","Player Core","330"
"Secrets of Magic pg. 105 1.1","Secrets of Magic","105"
"Player Core pg. 332 2.0","Player Core","332"
"Player Core pg. 333 2.0","Player Core","333"
"Player Core pg. 338 2.0","Player Core","338"
"Player Core pg. 342 2.0","Player Core","342"
"Player Core pg. 346 2.0","Player Core","346"
"Secrets of Magic pg. 118 1.1","Secrets of Magic","118"
"Player Core 2 pg. 249","Player Core 2","249"
"Player Core pg. 352 2.0","Player Core","352"
"Player Core pg. 353 2.0","Player Core","353"
"Secrets of Magic pg. 128 1.1","Secrets of Magic","128"
"Secrets of Magic pg. 133 1.1","Secrets of Magic","133"
