"spell_name","tradition_name"
"Ancient Dust","Arcane"
"Ancient Dust","Divine"
"Approximate","Arcane"
"Approximate","Divine"
"Approximate","Occult"
"Approximate","Primal"
"Bullhorn","Arcane"
"Bullhorn","Divine"
"Bullhorn","Occult"
"Caustic Blast","Arcane"
"Caustic Blast","Primal"
"Daze","Arcane"
"Daze","Divine"
"Daze","Occult"
"Deep Breath","Arcane"
"Deep Breath","Primal"
"Detect Magic","Arcane"
"Detect Magic","Divine"
"Detect Magic","Occult"
"Detect Magic","Primal"
"Detect Magic","Elemental"
"Detect Metal","Arcane"
"Detect Metal","Divine"
"Detect Metal","Occult"
"Detect Metal","Primal"
"Divine Lance","Divine"
"Draw Moisture","Arcane"
"Draw Moisture","Divine"
"Draw Moisture","Primal"
"Eat Fire","Arcane"
"Eat Fire","Occult"
"Eat Fire","Primal"
"Electric Arc","Arcane"
"Electric Arc","Primal"
"Elemental Counter","Arcane"
"Elemental Counter","Primal"
"Elemental Counter","Elemental"
"Figment","Arcane"
"Figment","Occult"
"Forbidding Ward","Divine"
"Forbidding Ward","Occult"
"Frostbite","Arcane"
"Frostbite","Primal"
"Gale Blast","Arcane"
"Gale Blast","Primal"
"Glass Shield","Arcane"
"Glass Shield","Primal"
"Gouging Claw","Arcane"
"Gouging Claw","Primal"
"Guidance","Divine"
"Guidance","Occult"
"Guidance","Primal"
"Haunting Hymn","Divine"
"Haunting Hymn","Occult"
"Healing Plaster","Primal"
"Ignition","Arcane"
"Ignition","Primal"
"Illuminate","Arcane"
"Illuminate","Divine"
"Illuminate","Occult"
"Illuminate","Primal"
"Infectious Enthusiasm","Arcane"
"Infectious Enthusiasm","Occult"
"Inside Ropes","Divine"
"Inside Ropes","Occult"
"Inside Ropes","Primal"
"Invoke True Name","Arcane"
"Invoke True Name","Divine"
"Invoke True Name","Occult"
"Invoke True Name","Primal"
"Join Pasts","Occult"
"Know the Way","Divine"
"Know the Way","Occult"
"Know the Way","Primal"
"Light","Arcane"
"Light","Divine"
"Light","Occult"
"Light","Primal"
"Light","Elemental"
"Live Wire","Arcane"
"Live Wire","Primal"
"Message","Arcane"
"Message","Divine"
"Message","Occult"
"Message","Elemental"
"Musical Accompaniment","Arcane"
"Musical Accompaniment","Occult"
"Needle Darts","Arcane"
"Needle Darts","Divine"
"Needle Darts","Occult"
"Needle Darts","Primal"
"Phase Bolt","Arcane"
"Phase Bolt","Occult"
"Prestidigitation","Arcane"
"Prestidigitation","Divine"
"Prestidigitation","Occult"
"Prestidigitation","Primal"
"Prestidigitation","Elemental"
"Protect Companion","Arcane"
"Protect Companion","Divine"
"Protect Companion","Occult"
"Protect Companion","Primal"
"Puff of Poison","Arcane"
"Puff of Poison","Primal"
"Read Aura","Arcane"
"Read Aura","Divine"
"Read Aura","Occult"
"Read Aura","Primal"
"Read Aura","Elemental"
"Read the Air","Divine"
"Read the Air","Occult"
"Root Reading","Arcane"
"Root Reading","Primal"
"Rousing Splash","Divine"
"Rousing Splash","Primal"
"Scatter Scree","Arcane"
"Scatter Scree","Primal"
"Shield","Arcane"
"Shield","Divine"
"Shield","Occult"
"Shield","Elemental"
"Sigil","Arcane"
"Sigil","Divine"
"Sigil","Occult"
"Sigil","Primal"
"Sigil","Elemental"
"Slashing Gust","Arcane"
"Slashing Gust","Primal"
"Spout","Arcane"
"Spout","Primal"
"Stabilize","Divine"
"Stabilize","Primal"
"Summon Instrument","Arcane"
"Summon Instrument","Divine"
"Summon Instrument","Occult"
"Take Root","Arcane"
"Take Root","Primal"
"Tame","Occult"
"Tame","Primal"
"Tangle Vine","Arcane"
"Tangle Vine","Primal"
"Telekinetic Hand","Arcane"
"Telekinetic Hand","Occult"
"Telekinetic Hand","Elemental"
"Telekinetic Projectile","Arcane"
"Telekinetic Projectile","Occult"
"Timber","Arcane"
"Timber","Primal"
"Time Sense","Arcane"
"Time Sense","Occult"
"Torturous Trauma","Arcane"
"Torturous Trauma","Divine"
"Tremor Signs","Arcane"
"Tremor Signs","Divine"
"Tremor Signs","Occult"
"Tremor Signs","Primal"
"Vitality Lash","Divine"
"Vitality Lash","Primal"
"Void Warp","Arcane"
"Void Warp","Divine"
"Void Warp","Occult"
"Warp Step","Arcane"
"Warp Step","Occult"
"Wash Your Luck","Divine"
"Wash Your Luck","Occult"
"Fate's Travels","Divine"
"Fate's Travels","Occult"
"Acidic Burst","Arcane"
"Acidic Burst","Primal"
"Admonishing Ray","Arcane"
"Admonishing Ray","Divine"
"Agitate","Arcane"
"Agitate","Occult"
"Air Bubble","Arcane"
"Air Bubble","Divine"
"Air Bubble","Primal"
"Airburst","Arcane"
"Airburst","Primal"
"Alarm","Arcane"
"Alarm","Divine"
"Alarm","Occult"
"Alarm","Primal"
"Animal Allies","Primal"
"Animate Rope","Arcane"
"Animate Rope","Occult"
"Ant Haul","Arcane"
"Ant Haul","Primal"
"Anticipate Peril","Arcane"
"Anticipate Peril","Occult"
"Aqueous Blast","Arcane"
"Aqueous Blast","Occult"
"Aqueous Blast","Primal"
"Bane","Divine"
"Bane","Occult"
"Befuddle","Arcane"
"Biting Words","Occult"
"Bless","Divine"
"Bless","Occult"
"Breadcrumbs","Arcane"
"Breadcrumbs","Divine"
"Breadcrumbs","Occult"
"Breadcrumbs","Primal"
"Breadcrumbs","Elemental"
"Breathe Fire","Arcane"
"Breathe Fire","Primal"
"Briny Bolt","Arcane"
"Briny Bolt","Primal"
"Buffeting Winds","Primal"
"Buoyant Bubbles","Arcane"
"Buoyant Bubbles","Primal"
"Camel Spit","Arcane"
"Camel Spit","Primal"
"Carryall","Arcane"
"Carryall","Occult"
"Celestial Accord","Divine"
"Celestial Accord","Occult"
"Charm","Arcane"
"Charm","Occult"
"Charm","Primal"
"Chilling Spray","Arcane"
"Chilling Spray","Primal"
"Cleanse Cuisine","Divine"
"Cleanse Cuisine","Primal"
"Command","Arcane"
"Command","Divine"
"Command","Occult"
"Concordant Choir","Divine"
"Concordant Choir","Occult"
"Conductive Weapon","Arcane"
"Conductive Weapon","Primal"
"Create Water","Arcane"
"Create Water","Divine"
"Create Water","Primal"
"Cycle of Retribution","Divine"
"Cycle of Retribution","Occult"
"Dehydrate","Arcane"
"Dehydrate","Primal"
"Detect Alignment","Divine"
"Detect Alignment","Occult"
"Detect Poison","Divine"
"Detect Poison","Primal"
"Disguise Magic","Arcane"
"Disguise Magic","Occult"
"Dizzying Colors","Arcane"
"Dizzying Colors","Occult"
"Draw Ire","Arcane"
"Draw Ire","Occult"
"DÃ©jÃ  Vu","Arcane"
"DÃ©jÃ  Vu","Occult"
"Echoing Weapon","Arcane"
"Echoing Weapon","Divine"
"Echoing Weapon","Occult"
"Elysian Whimsy","Arcane"
"Elysian Whimsy","Divine"
"Elysian Whimsy","Primal"
"Endure","Arcane"
"Endure","Occult"
"Enfeeble","Arcane"
"Enfeeble","Divine"
"Enfeeble","Occult"
"Exchange Image","Arcane"
"Exchange Image","Occult"
"Fashionista","Arcane"
"Fashionista","Occult"
"Fated Healing","Divine"
"Fated Healing","Occult"
"Fear","Arcane"
"Fear","Divine"
"Fear","Occult"
"Fear","Primal"
"Flashy Disappearance","Arcane"
"Flashy Disappearance","Occult"
"Fleet Step","Arcane"
"Fleet Step","Primal"
"Flense","Arcane"
"Flense","Divine"
"Flourishing Flora","Arcane"
"Flourishing Flora","Primal"
"Fold Metal","Arcane"
"Foraging Friends","Primal"
"Force Barrage","Arcane"
"Force Barrage","Occult"
"Forced Mercy","Divine"
"Forced Mercy","Occult"
"Forge","Arcane"
"Forge","Primal"
"Friendfetch","Arcane"
"Friendfetch","Occult"
"Gentle Landing","Arcane"
"Gentle Landing","Primal"
"Glowing Trail","Arcane"
"Glowing Trail","Divine"
"Glowing Trail","Occult"
"Glowing Trail","Primal"
"Goblin Pox","Arcane"
"Goblin Pox","Primal"
"Gravitational Pull","Arcane"
"Gravitational Pull","Occult"
"Grease","Arcane"
"Grease","Primal"
"Grim Tendrils","Arcane"
"Grim Tendrils","Occult"
"Gritty Wheeze","Arcane"
"Gritty Wheeze","Primal"
"Gust of Wind","Arcane"
"Gust of Wind","Primal"
"Harm","Divine"
"Heal","Divine"
"Heal","Primal"
"Helpful Steps","Arcane"
"Helpful Steps","Divine"
"Helpful Steps","Occult"
"Helpful Steps","Primal"
"Hippocampus Retreat","Arcane"
"Hippocampus Retreat","Primal"
"Horizon Thunder Sphere","Arcane"
"Horizon Thunder Sphere","Primal"
"Hydraulic Push","Arcane"
"Hydraulic Push","Primal"
"Ill Omen","Occult"
"Illusory Disguise","Arcane"
"Illusory Disguise","Occult"
"Illusory Object","Arcane"
"Illusory Object","Occult"
"Imprint Message","Occult"
"Infuse Vitality","Divine"
"Inkshot","Occult"
"Inkshot","Primal"
"Instant Pottery","Arcane"
"Instant Pottery","Primal"
"Interposing Earth","Arcane"
"Interposing Earth","Primal"
"Invisible Item","Arcane"
"Invisible Item","Occult"
"Item Facade","Arcane"
"Item Facade","Occult"
"Jump","Arcane"
"Jump","Primal"
"Juvenile Companion","Primal"
"Kinetic Ram","Arcane"
"Kinetic Ram","Occult"
"Know Location","Divine"
"Know Location","Occult"
"Know Location","Primal"
"Leaden Steps","Arcane"
"Leaden Steps","Primal"
"Liberating Command","Occult"
"Lock","Arcane"
"Lock","Divine"
"Lock","Occult"
"Lose the Path","Occult"
"Lose the Path","Primal"
"Magic Stone","Divine"
"Magic Stone","Primal"
"Mending","Arcane"
"Mending","Divine"
"Mending","Occult"
"Mending","Primal"
"Mending","Elemental"
"Message Rune","Arcane"
"Message Rune","Occult"
"Mindlink","Arcane"
"Mindlink","Occult"
"Mud Pit","Arcane"
"Mud Pit","Primal"
"Mystic Armor","Arcane"
"Mystic Armor","Divine"
"Mystic Armor","Occult"
"Mystic Armor","Primal"
"Mystic Armor","Elemental"
"Necromancer's Generosity","Arcane"
"Necromancer's Generosity","Divine"
"Negate Aroma","Arcane"
"Negate Aroma","Primal"
"Nettleskin","Primal"
"Noxious Vapors","Arcane"
"Noxious Vapors","Primal"
"Nudge the Odds","Arcane"
"Nudge the Odds","Divine"
"Nudge the Odds","Occult"
"Object Reading","Occult"
"Overselling Flourish","Arcane"
"Overselling Flourish","Occult"
"Penumbral Shroud","Arcane"
"Penumbral Shroud","Occult"
"Personal Rain Cloud","Arcane"
"Personal Rain Cloud","Primal"
"Pest Form","Arcane"
"Pest Form","Primal"
"Pet Cache","Arcane"
"Pet Cache","Divine"
"Pet Cache","Occult"
"Pet Cache","Primal"
"Pet Cache","Elemental"
"Phantasmal Minion","Arcane"
"Phantasmal Minion","Occult"
"Phantom Pain","Occult"
"Pocket Library","Arcane"
"Pocket Library","Occult"
"Protection","Divine"
"Protection","Occult"
"Protector Tree","Primal"
"Pummeling Rubble","Arcane"
"Pummeling Rubble","Primal"
"Purifying Icicle","Divine"
"Purifying Icicle","Primal"
"Putrefy Food and Drink","Divine"
"Putrefy Food and Drink","Primal"
"Quick Sort","Arcane"
"Quick Sort","Divine"
"Quick Sort","Occult"
"Quick Sort","Primal"
"Restyle","Arcane"
"Restyle","Divine"
"Restyle","Occult"
"Restyle","Primal"
"Runic Body","Arcane"
"Runic Body","Divine"
"Runic Body","Occult"
"Runic Body","Primal"
"Runic Weapon","Arcane"
"Runic Weapon","Divine"
"Runic Weapon","Occult"
"Runic Weapon","Primal"
"Runic Weapon","Elemental"
"Sacred Beasts","Divine"
"Sacred Beasts","Primal"
"Sanctuary","Divine"
"Sanctuary","Occult"
"Schadenfreude","Arcane"
"Schadenfreude","Divine"
"Schadenfreude","Occult"
"Scorching Blast","Arcane"
"Scorching Blast","Occult"
"Scorching Blast","Primal"
"Scouring Sand","Arcane"
"Scouring Sand","Primal"
"Seashell of Stolen Sound","Arcane"
"Seashell of Stolen Sound","Occult"
"Seashell of Stolen Sound","Primal"
"Share Lore","Arcane"
"Share Lore","Occult"
"Shattering Gem","Arcane"
"Shattering Gem","Primal"
"Shielded Arm","Arcane"
"Shielded Arm","Divine"
"Shielded Arm","Primal"
"Shillelagh","Primal"
"Shockwave","Arcane"
"Shockwave","Primal"
"Signal Skyrocket","Arcane"
"Signal Skyrocket","Occult"
"Signal Skyrocket","Primal"
"Sleep","Arcane"
"Sleep","Occult"
"Snowball","Arcane"
"Snowball","Primal"
"Soothe","Occult"
"Spider Sting","Arcane"
"Spider Sting","Primal"
"Spirit Link","Divine"
"Spirit Link","Occult"
"Summon Animal","Arcane"
"Summon Animal","Primal"
"Summon Construct","Arcane"
"Summon Fey","Occult"
"Summon Fey","Primal"
"Summon Lesser Servitor","Divine"
"Summon Plant or Fungus","Primal"
"Summon Undead","Arcane"
"Summon Undead","Divine"
"Summon Undead","Occult"
"Sure Strike","Arcane"
"Sure Strike","Occult"
"Swampcall","Primal"
"Synchronize","Arcane"
"Synchronize","Divine"
"Synchronize","Occult"
"Synchronize","Primal"
"Synchronize Steps","Arcane"
"Synchronize Steps","Occult"
"Tailwind","Arcane"
"Tailwind","Primal"
"Temporary Tool","Arcane"
"Tether","Arcane"
"Tether","Primal"
"Thicket of Knives","Arcane"
"Thicket of Knives","Occult"
"Thoughtful Gift","Arcane"
"Thoughtful Gift","Divine"
"Thoughtful Gift","Occult"
"Thunderstrike","Arcane"
"Thunderstrike","Primal"
"Vanishing Tracks","Primal"
"Ventriloquism","Arcane"
"Ventriloquism","Divine"
"Ventriloquism","Occult"
"Ventriloquism","Primal"
"Ventriloquism","Elemental"
"Verdant Sprout","Primal"
"Verminous Lure","Primal"
"Wall of Shrubs","Arcane"
"Wall of Shrubs","Primal"
"Weaken Earth","Arcane"
"Weaken Earth","Primal"
"Weave Wood","Primal"
"Weave Wood","Arcane"
"Wooden Fists","Arcane"
"Wooden Fists","Primal"
"Acid Grip","Arcane"
"Acid Grip","Primal"
"Advanced Scurvy","Divine"
"Advanced Scurvy","Primal"
"Albatross Curse","Occult"
"Albatross Curse","Primal"
"Allfood","Arcane"
"Allfood","Divine"
"Allfood","Primal"
"Animal Form","Primal"
"Animal Messenger","Primal"
"Animated Assault","Arcane"
"Animated Assault","Occult"
"Animus Mine","Occult"
"Ash Cloud","Arcane"
"Ash Cloud","Primal"
"Augury","Divine"
"Augury","Occult"
"Befitting Attire","Arcane"
"Befitting Attire","Occult"
"Binding Muzzle","Arcane"
"Binding Muzzle","Occult"
"Blast of the Bellows","Arcane"
"Blast of the Bellows","Divine"
"Blast of the Bellows","Primal"
"Blazing Armory","Arcane"
"Blazing Armory","Divine"
"Blazing Armory","Primal"
"Blazing Blade","Divine"
"Blazing Blade","Primal"
"Blazing Bolt","Arcane"
"Blazing Bolt","Primal"
"Blistering Invective","Occult"
"Blood Duplicate","Arcane"
"Blood Duplicate","Occult"
"Blood Vendetta","Arcane"
"Blood Vendetta","Divine"
"Blood Vendetta","Occult"
"Blur","Arcane"
"Blur","Occult"
"Bone Spray","Arcane"
"Bone Spray","Divine"
"Bone Spray","Primal"
"Boneshaker","Arcane"
"Boneshaker","Divine"
"Boneshaker","Primal"
"Bralani Referendum","Divine"
"Bralani Referendum","Primal"
"Brand the Impenitent","Divine"
"Breath of Drought","Primal"
"Brine Dragon Bile","Arcane"
"Brine Dragon Bile","Primal"
"Burrow Ward","Arcane"
"Burrow Ward","Primal"
"Calm","Divine"
"Calm","Occult"
"Carrion Mire","Arcane"
"Carrion Mire","Divine"
"Carrion Mire","Occult"
"Cauterize Wounds","Arcane"
"Cauterize Wounds","Divine"
"Cauterize Wounds","Primal"
"Charitable Urge","Arcane"
"Charitable Urge","Divine"
"Charitable Urge","Occult"
"Clad in Metal","Arcane"
"Clad in Metal","Divine"
"Clad in Metal","Primal"
"Claws of the Otter","Divine"
"Claws of the Otter","Primal"
"Clawsong","Divine"
"Clawsong","Primal"
"Cleanse Affliction","Divine"
"Cleanse Affliction","Occult"
"Cleanse Affliction","Primal"
"Cleanse Air","Arcane"
"Cleanse Air","Divine"
"Cleanse Air","Primal"
"Clear Mind","Divine"
"Clear Mind","Occult"
"Clear Mind","Primal"
"Confetti Cloud","Arcane"
"Confetti Cloud","Occult"
"Create Food","Arcane"
"Create Food","Divine"
"Create Food","Primal"
"Cutting Insult","Occult"
"Dancing Shield","Arcane"
"Dancing Shield","Divine"
"Dancing Shield","Occult"
"Dancing Shield","Primal"
"Darkness","Arcane"
"Darkness","Divine"
"Darkness","Occult"
"Darkness","Primal"
"Darkvision","Arcane"
"Darkvision","Divine"
"Darkvision","Occult"
"Darkvision","Primal"
"Darkvision","Elemental"
"Deafness","Arcane"
"Deafness","Divine"
"Deafness","Occult"
"Deafness","Primal"
"Death Knell","Divine"
"Death Knell","Occult"
"Dismantle","Arcane"
"Dismantle","Primal"
"Dispel Magic","Arcane"
"Dispel Magic","Divine"
"Dispel Magic","Occult"
"Dispel Magic","Primal"
"Dispel Magic","Elemental"
"Elemental Zone","Arcane"
"Elemental Zone","Primal"
"Elemental Zone","Elemental"
"Embed Message","Arcane"
"Embed Message","Occult"
"Empathic Link","Arcane"
"Empathic Link","Occult"
"Empty Pack","Arcane"
"Empty Pack","Occult"
"Enhance Victuals","Divine"
"Enhance Victuals","Primal"
"Enlarge","Arcane"
"Enlarge","Primal"
"Entangling Flora","Arcane"
"Entangling Flora","Primal"
"Environmental Endurance","Arcane"
"Environmental Endurance","Divine"
"Environmental Endurance","Primal"
"Environmental Endurance","Elemental"
"Erase Trail","Primal"
"Everlight","Arcane"
"Everlight","Divine"
"Everlight","Occult"
"Everlight","Primal"
"Expeditious Excavation","Arcane"
"Expeditious Excavation","Primal"
"Exploding Earth","Arcane"
"Exploding Earth","Primal"
"Extract Poison","Arcane"
"Extract Poison","Primal"
"False Vitality","Arcane"
"False Vitality","Occult"
"Falsify Heat","Arcane"
"Falsify Heat","Primal"
"Fear the Sun","Arcane"
"Fear the Sun","Divine"
"Fear the Sun","Occult"
"Fear the Sun","Primal"
"Feast of Ashes","Arcane"
"Feast of Ashes","Occult"
"Feast of Ashes","Primal"
"Feral Shades","Primal"
"Final Sacrifice","Arcane"
"Final Sacrifice","Divine"
"Final Sacrifice","Occult"
"Final Sacrifice","Primal"
"Fireproof","Arcane"
"Fireproof","Divine"
"Fireproof","Primal"
"Flame Wisp","Arcane"
"Flame Wisp","Primal"
"Floating Flame","Arcane"
"Floating Flame","Primal"
"Frog Tongue","Primal"
"Fungal Hyphae","Primal"
"Fungal Infestation","Primal"
"Gecko Grip","Arcane"
"Gecko Grip","Primal"
"Gentle Breeze","Divine"
"Gentle Breeze","Occult"
"Gentle Breeze","Primal"
"Ghostly Carrier","Arcane"
"Ghostly Carrier","Occult"
"Ghoulish Cravings","Divine"
"Ghoulish Cravings","Occult"
"Grave Impressions","Divine"
"Grave Impressions","Occult"
"Guiding Star","Divine"
"Guiding Star","Primal"
"Heat Metal","Arcane"
"Heat Metal","Primal"
"Helpful Wood Spirits","Arcane"
"Helpful Wood Spirits","Primal"
"Hidebound","Arcane"
"Hidebound","Primal"
"Horrifying Blood Loss","Arcane"
"Horrifying Blood Loss","Divine"
"Horrifying Blood Loss","Occult"
"Humanoid Form","Arcane"
"Humanoid Form","Occult"
"Humanoid Form","Primal"
"Ignite Fireworks","Arcane"
"Ignite Fireworks","Primal"
"Illusory Creature","Arcane"
"Illusory Creature","Occult"
"Illusory Shroud","Arcane"
"Illusory Shroud","Occult"
"Imp Sting","Divine"
"Imp Sting","Occult"
"Impart Empathy","Occult"
"Impart Empathy","Primal"
"Impeccable Flow","Arcane"
"Impeccable Flow","Divine"
"Inner Radiance Torrent","Divine"
"Inner Radiance Torrent","Occult"
"Instant Armor","Arcane"
"Instant Armor","Divine"
"Instant Armor","Occult"
"Instant Armor","Primal"
"Instant Parade","Arcane"
"Instant Parade","Occult"
"Invisibility","Arcane"
"Invisibility","Occult"
"Iron Gut","Arcane"
"Iron Gut","Primal"
"Knock","Arcane"
"Knock","Occult"
"Laughing Fit","Arcane"
"Laughing Fit","Occult"
"Lock Item","Arcane"
"Lock Item","Primal"
"Loose Time's Arrow","Arcane"
"Loose Time's Arrow","Occult"
"Loose Time's Arrow","Primal"
"Lucky Number","Arcane"
"Lucky Number","Divine"
"Lucky Number","Occult"
"Magnetic Attraction","Arcane"
"Magnetic Attraction","Primal"
"Magnetic Repulsion","Arcane"
"Magnetic Repulsion","Primal"
"Mark of Blood","Arcane"
"Mark of Blood","Divine"
"Mark of Blood","Occult"
"Marvelous Mount","Arcane"
"Marvelous Mount","Divine"
"Marvelous Mount","Occult"
"Marvelous Mount","Primal"
"Mimic Undead","Divine"
"Mimic Undead","Occult"
"Mind Games","Arcane"
"Mind Games","Occult"
"Mirror Image","Arcane"
"Mirror Image","Occult"
"Misdirection","Arcane"
"Misdirection","Occult"
"Mist","Arcane"
"Mist","Primal"
"Noise Blast","Arcane"
"Noise Blast","Divine"
"Noise Blast","Occult"
"Oaken Resilience","Arcane"
"Oaken Resilience","Primal"
"One with Plants","Primal"
"Osseous Cage","Arcane"
"Osseous Cage","Occult"
"Pack Attack","Occult"
"Pack Attack","Primal"
"Paranoia","Occult"
"Pave Ground","Arcane"
"Pave Ground","Primal"
"Peaceful Rest","Arcane"
"Peaceful Rest","Divine"
"Peaceful Rest","Occult"
"Peaceful Rest","Primal"
"Peaceful Rest","Elemental"
"Penumbral Disguise","Arcane"
"Penumbral Disguise","Occult"
"Persistent Servant","Arcane"
"Persistent Servant","Occult"
"Phantasmal Treasure","Arcane"
"Phantasmal Treasure","Occult"
"Phantom Crowd","Arcane"
"Phantom Crowd","Occult"
"Propulsive Breeze","Arcane"
"Propulsive Breeze","Primal"
"Quench","Primal"
"Radiant Field","Arcane"
"Radiant Field","Divine"
"Radiant Field","Occult"
"Radiant Field","Primal"
"Rapid Adaptation","Arcane"
"Rapid Adaptation","Primal"
"Reaperâ€™s Lantern","Divine"
"Reaperâ€™s Lantern","Occult"
"Reaperâ€™s Lantern","Primal"
"Resist Energy","Arcane"
"Resist Energy","Divine"
"Resist Energy","Occult"
"Resist Energy","Primal"
"Resist Energy","Elemental"
"Restoration","Divine"
"Restoration","Occult"
"Restoration","Primal"
"Revealing Light","Arcane"
"Revealing Light","Divine"
"Revealing Light","Occult"
"Revealing Light","Primal"
"Revealing Light","Elemental"
"Rime Slick","Arcane"
"Rime Slick","Primal"
"Rubble Step","Arcane"
"Rubble Step","Primal"
"Sea Surge","Arcane"
"Sea Surge","Primal"
"See the Unseen","Arcane"
"See the Unseen","Divine"
"See the Unseen","Occult"
"Shadow Zombie","Arcane"
"Shadow Zombie","Divine"
"Shadow Zombie","Occult"
"Shape Wood","Arcane"
"Shape Wood","Primal"
"Share Life","Divine"
"Shatter","Occult"
"Shatter","Primal"
"Shrink","Arcane"
"Shrink","Primal"
"Silence","Divine"
"Silence","Occult"
"Slough Skin","Arcane"
"Slough Skin","Primal"
"Sonata Span","Occult"
"Sound Body","Divine"
"Sound Body","Occult"
"Sound Body","Primal"
"Speak with Animals","Primal"
"Spirit Sense","Divine"
"Spirit Sense","Occult"
"Spiritual Armament","Divine"
"Spiritual Armament","Occult"
"Splinter Volley","Arcane"
"Splinter Volley","Primal"
"Spy's Mark","Arcane"
"Spy's Mark","Occult"
"Status","Divine"
"Status","Occult"
"Status","Primal"
"Stupefy","Arcane"
"Stupefy","Occult"
"Sudden Blight","Divine"
"Sudden Blight","Primal"
"Sudden Bolt","Arcane"
"Sudden Bolt","Primal"
"Summon Elemental","Arcane"
"Summon Elemental","Primal"
"Summon Elemental","Elemental"
"Summoner's Precaution","Arcane"
"Summoner's Precaution","Divine"
"Summoner's Precaution","Occult"
"Summoner's Precaution","Primal"
"Summoner's Visage","Arcane"
"Summoner's Visage","Divine"
"Summoner's Visage","Occult"
"Summoner's Visage","Primal"
"Sure Footing","Divine"
"Sure Footing","Occult"
"Sure Footing","Primal"
"Swallow Light","Arcane"
"Swallow Light","Divine"
"Swallow Light","Occult"
"Teeth to Terror","Occult"
"Telekinetic Maneuver","Arcane"
"Telekinetic Maneuver","Occult"
"Thermal Remedy","Arcane"
"Thermal Remedy","Divine"
"Thermal Remedy","Primal"
"Thundering Dominance","Occult"
"Thundering Dominance","Primal"
"Timely Tutor","Arcane"
"Timely Tutor","Occult"
"Translate","Arcane"
"Translate","Divine"
"Translate","Occult"
"Tremorsense","Arcane"
"Tremorsense","Occult"
"Tremorsense","Primal"
"Umbral Extraction","Arcane"
"Umbral Extraction","Occult"
"Umbral Mindtheft","Arcane"
"Umbral Mindtheft","Occult"
"Undetectable Alignment","Divine"
"Undetectable Alignment","Occult"
"Vicious Jealousy","Arcane"
"Vicious Jealousy","Divine"
"Vicious Jealousy","Occult"
"Voice on the Breeze","Arcane"
"Voice on the Breeze","Occult"
"Voice on the Breeze","Primal"
"Vomit Swarm","Arcane"
"Vomit Swarm","Occult"
"Vomit Swarm","Primal"
"Warrior's Regret","Arcane"
"Warrior's Regret","Divine"
"Warrior's Regret","Occult"
"Water Breathing","Arcane"
"Water Breathing","Divine"
"Water Breathing","Primal"
"Water Walk","Arcane"
"Water Walk","Divine"
"Water Walk","Primal"
"Waterproof","Arcane"
"Waterproof","Primal"
"Web","Arcane"
"Web","Primal"
"Worm's Repast","Occult"
"Worm's Repast","Primal"
"Agonizing Despair","Arcane"
"Agonizing Despair","Divine"
"Agonizing Despair","Occult"
"Animal Vision","Primal"
"Anointed Ground","Divine"
"Antlion Trap","Primal"
"Aqueous Orb","Arcane"
"Aqueous Orb","Primal"
"Behold the Weave","Divine"
"Behold the Weave","Occult"
"Bind Undead","Arcane"
"Bind Undead","Divine"
"Bind Undead","Occult"
"Blastback","Arcane"
"Blastback","Primal"
"Blazing Dive","Arcane"
"Blazing Dive","Primal"
"Blindness","Arcane"
"Blindness","Divine"
"Blindness","Occult"
"Blindness","Primal"
"Bone Flense","Arcane"
"Bone Flense","Divine"
"Bone Flense","Primal"
"Bonewall Bulwark","Arcane"
"Bonewall Bulwark","Occult"
"Bottomless Stomach","Arcane"
"Bottomless Stomach","Occult"
"Bottomless Stomach","Primal"
"Bracing Tendrils","Arcane"
"Bracing Tendrils","Occult"
"Caster's Imposition","Arcane"
"Caster's Imposition","Divine"
"Caster's Imposition","Occult"
"Caster's Imposition","Primal"
"Cave Fangs","Arcane"
"Cave Fangs","Primal"
"Chilling Darkness","Divine"
"Circle of Protection","Divine"
"Circle of Protection","Occult"
"Claim Curse","Divine"
"Claim Curse","Occult"
"Clairaudience","Arcane"
"Clairaudience","Occult"
"Cloud Dragon's Cloak","Arcane"
"Cloud Dragon's Cloak","Primal"
"Consecrate Flesh","Divine"
"Coral Scourge","Arcane"
"Coral Scourge","Primal"
"Cozy Cabin","Arcane"
"Cozy Cabin","Occult"
"Crashing Wave","Arcane"
"Crashing Wave","Primal"
"Crisis of Faith","Divine"
"Croak Voice","Arcane"
"Croak Voice","Primal"
"Cup of Dust","Arcane"
"Cup of Dust","Occult"
"Cup of Dust","Primal"
"Curse of Lost Time","Arcane"
"Curse of Lost Time","Occult"
"Curse of Lost Time","Primal"
"Cyclone Rondo","Occult"
"Cyclone Rondo","Primal"
"Day's Weight","Arcane"
"Day's Weight","Occult"
"Day's Weight","Primal"
"Deep Sight","Arcane"
"Deep Sight","Divine"
"Deep Sight","Occult"
"Deep Sight","Primal"
"Distracting Chatter","Arcane"
"Distracting Chatter","Occult"
"Dive and Breach","Arcane"
"Dive and Breach","Primal"
"Dividing Trench","Arcane"
"Dividing Trench","Primal"
"Dream Message","Arcane"
"Dream Message","Divine"
"Dream Message","Occult"
"Earthbind","Arcane"
"Earthbind","Primal"
"Elemental Absorption","Arcane"
"Elemental Absorption","Primal"
"Elemental Absorption","Elemental"
"Elemental Annihilation Wave","Arcane"
"Elemental Annihilation Wave","Primal"
"Elemental Annihilation Wave","Elemental"
"Enthrall","Arcane"
"Enthrall","Occult"
"Envenom Companion","Primal"
"Excise Lexicon","Arcane"
"Excise Lexicon","Occult"
"Familiarâ€™s Face","Arcane"
"Familiarâ€™s Face","Divine"
"Familiarâ€™s Face","Occult"
"Familiarâ€™s Face","Primal"
"Far Sight","Occult"
"Far Sight","Primal"
"Feet to Fins","Arcane"
"Feet to Fins","Primal"
"Fireball","Arcane"
"Fireball","Primal"
"Firework Blast","Arcane"
"Focusing Hum","Divine"
"Focusing Hum","Occult"
"Gasping Marsh","Arcane"
"Gasping Marsh","Primal"
"Ghostly Weapon","Arcane"
"Ghostly Weapon","Occult"
"Glass Sand","Arcane"
"Glass Sand","Primal"
"Glyph of Warding","Arcane"
"Glyph of Warding","Divine"
"Glyph of Warding","Occult"
"Glyph of Warding","Primal"
"Gravity Well","Arcane"
"Gravity Well","Occult"
"Haste","Arcane"
"Haste","Occult"
"Haste","Primal"
"Heatvision","Arcane"
"Heatvision","Divine"
"Heatvision","Occult"
"Heatvision","Primal"
"Heroism","Divine"
"Heroism","Occult"
"Holy Light","Divine"
"Holy Light","Primal"
"Hypercognition","Occult"
"Hypnotize","Arcane"
"Hypnotize","Occult"
"Impending Doom","Arcane"
"Impending Doom","Divine"
"Impending Doom","Occult"
"Infectious Ennui","Divine"
"Infectious Ennui","Occult"
"Insect Form","Arcane"
"Insect Form","Primal"
"Lashing Rope","Arcane"
"Lashing Rope","Occult"
"Levitate","Arcane"
"Levitate","Occult"
"Levitate","Elemental"
"Life Connection","Divine"
"Life Connection","Primal"
"Life Pact","Divine"
"Life Pact","Occult"
"Life Pact","Primal"
"Lightning Bolt","Arcane"
"Lightning Bolt","Primal"
"Locate","Arcane"
"Locate","Divine"
"Locate","Occult"
"Lotus Walk","Arcane"
"Lotus Walk","Divine"
"Lotus Walk","Primal"
"Mad Monkeys","Primal"
"Magical Fetters","Arcane"
"Magical Fetters","Occult"
"Magnetic Acceleration","Arcane"
"Magnetic Acceleration","Primal"
"Martyr's Intervention","Divine"
"Martyr's Intervention","Occult"
"Martyr's Intervention","Primal"
"Mind of Menace","Arcane"
"Mind of Menace","Divine"
"Mind of Menace","Occult"
"Mind of Menace","Primal"
"Mind Reading","Arcane"
"Mind Reading","Occult"
"Moonlight Ray","Divine"
"Moonlight Ray","Primal"
"Moth's Supper","Occult"
"Moth's Supper","Primal"
"Nothing Up My Sleeve","Arcane"
"Nothing Up My Sleeve","Occult"
"Noxious Metals","Arcane"
"One with Stone","Arcane"
"One with Stone","Primal"
"Oneiric Mire","Arcane"
"Oneiric Mire","Occult"
"Oneiric Mire","Primal"
"Ooze Form","Arcane"
"Ooze Form","Occult"
"Organsight","Arcane"
"Organsight","Divine"
"Organsight","Occult"
"Organsight","Primal"
"Painted Scout","Occult"
"Painted Scout","Primal"
"Paralyze","Arcane"
"Paralyze","Occult"
"Percussive Impact","Arcane"
"Percussive Impact","Divine"
"Percussive Impact","Occult"
"Perseis's Precautions","Arcane"
"Perseis's Precautions","Occult"
"Phantom Prison","Arcane"
"Phantom Prison","Occult"
"Pillar of Water","Arcane"
"Pillar of Water","Primal"
"Positive Attunement","Divine"
"Positive Attunement","Primal"
"Primal Chorus","Primal"
"Pyrotechnics","Arcane"
"Pyrotechnics","Occult"
"Rally Point","Arcane"
"Rally Point","Occult"
"Ring of Truth","Divine"
"Ring of Truth","Occult"
"Roaring Applause","Arcane"
"Roaring Applause","Divine"
"Roaring Applause","Occult"
"Rouse Skeletons","Arcane"
"Rouse Skeletons","Divine"
"Rouse Skeletons","Occult"
"Safe Passage","Arcane"
"Safe Passage","Divine"
"Safe Passage","Occult"
"Safe Passage","Elemental"
"Sand Form","Arcane"
"Sand Form","Primal"
"Scrying Ripples","Arcane"
"Scrying Ripples","Divine"
"Scrying Ripples","Occult"
"Scrying Ripples","Primal"
"Sculpt Sound","Occult"
"Sea of Thought","Arcane"
"Sea of Thought","Occult"
"Secret Page","Arcane"
"Secret Page","Occult"
"Shadow Projectile","Arcane"
"Shadow Projectile","Occult"
"Shadow Spy","Occult"
"Shadow Spy","Primal"
"Shared Invisibility","Arcane"
"Shared Invisibility","Occult"
"Shift Blame","Arcane"
"Shift Blame","Occult"
"Shifting Sand","Arcane"
"Shifting Sand","Primal"
"Show the Way","Divine"
"Show the Way","Primal"
"Shrink Item","Arcane"
"Sign of Conviction","Divine"
"Slow","Arcane"
"Slow","Occult"
"Slow","Primal"
"Soothing Blossoms","Divine"
"Soothing Blossoms","Primal"
"Sparkleskin","Arcane"
"Sparkleskin","Divine"
"Sparkleskin","Occult"
"Speak with Plants","Divine"
"Speak with Plants","Occult"
"Speak with Plants","Primal"
"Stinking Cloud","Arcane"
"Stinking Cloud","Primal"
"Sudden Recollection","Occult"
"Tempest Cloak","Arcane"
"Tempest Cloak","Primal"
"Temporal Twin","Arcane"
"Temporal Twin","Occult"
"Threefold Aspect","Occult"
"Threefold Aspect","Primal"
"Time Jump","Arcane"
"Time Jump","Occult"
"Time Pocket","Arcane"
"Time Pocket","Occult"
"Transcribe Conflict","Arcane"
"Transcribe Conflict","Occult"
"Unseasonable Squall","Arcane"
"Unseasonable Squall","Primal"
"Vampiric Feast","Arcane"
"Vampiric Feast","Divine"
"Vampiric Feast","Occult"
"Veil of Privacy","Arcane"
"Veil of Privacy","Occult"
"Veil of Privacy","Primal"
"Wall of Radiance","Arcane"
"Wall of Radiance","Primal"
"Wall of Shadow","Arcane"
"Wall of Shadow","Occult"
"Wall of Thorns","Arcane"
"Wall of Thorns","Primal"
"Wall of Virtue","Arcane"
"Wall of Virtue","Divine"
"Wall of Water","Arcane"
"Wall of Water","Primal"
"Wall of Wind","Arcane"
"Wall of Wind","Primal"
"Wandererâ€™s Guide","Divine"
"Wandererâ€™s Guide","Occult"
"Warding Aggression","Arcane"
"Warding Aggression","Divine"
"Warding Aggression","Primal"
"Web of Eyes","Arcane"
"Web of Eyes","Divine"
"Web of Eyes","Occult"
"Web of Eyes","Primal"
"Whirling Scarves","Divine"
"Whirling Scarves","Occult"
"Wooden Double","Arcane"
"Wooden Double","Occult"
"Wooden Double","Primal"
"Aerial Form","Arcane"
"Aerial Form","Primal"
"Air Walk","Divine"
"Air Walk","Primal"
"Airlift","Arcane"
"Airlift","Primal"
"Anathematic Reprisal","Divine"
"Aromatic Lure","Arcane"
"Aromatic Lure","Occult"
"Bestial Curse","Arcane"
"Bestial Curse","Occult"
"Bestial Curse","Primal"
"Bloodspray Curse","Divine"
"Bloodspray Curse","Occult"
"Bloodspray Curse","Primal"
"Bursting Bloom","Occult"
"Bursting Bloom","Primal"
"Call the Blood","Arcane"
"Call the Blood","Occult"
"Call the Blood","Primal"
"Chroma Leach","Occult"
"Chromatic Armor","Arcane"
"Chromatic Armor","Occult"
"Chromatic Ray","Arcane"
"Chromatic Ray","Occult"
"Cinder Swarm","Arcane"
"Cinder Swarm","Primal"
"Clairvoyance","Arcane"
"Clairvoyance","Occult"
"Cloak of Light","Divine"
"Cloak of Light","Primal"
"Clownish Curse","Arcane"
"Clownish Curse","Occult"
"Compel True Name","Arcane"
"Compel True Name","Divine"
"Compel True Name","Occult"
"Compel True Name","Primal"
"Confusion","Arcane"
"Confusion","Occult"
"Containment","Arcane"
"Containment","Occult"
"Coral Eruption","Arcane"
"Coral Eruption","Primal"
"Countless Eyes","Arcane"
"Countless Eyes","Occult"
"Countless Eyes","Primal"
"Creation","Arcane"
"Creation","Primal"
"Dawnflower's Light","Divine"
"Dawnflower's Light","Occult"
"Daydreamer's Curse","Arcane"
"Daydreamer's Curse","Occult"
"Deathless March","Arcane"
"Deathless March","Occult"
"Deathless March","Primal"
"Detect Creator","Arcane"
"Detect Creator","Divine"
"Detect Creator","Occult"
"Detect Scrying","Arcane"
"Detect Scrying","Occult"
"Dinosaur Form","Primal"
"Dirge of Remembrance","Divine"
"Dirge of Remembrance","Occult"
"Discern Lies","Arcane"
"Discern Lies","Divine"
"Discern Lies","Occult"
"Dispelling Globe","Arcane"
"Dispelling Globe","Divine"
"Dispelling Globe","Occult"
"Divine Wrath","Divine"
"Draw the Lightning","Arcane"
"Draw the Lightning","Primal"
"Dull Ambition","Arcane"
"Dull Ambition","Divine"
"Dull Ambition","Occult"
"Elemental Gift","Primal"
"Elemental Gift","Elemental"
"Elemental Sense","Arcane"
"Elemental Sense","Primal"
"Elemental Sense","Elemental"
"Elephant Form","Primal"
"Enhance Senses","Arcane"
"Enhance Senses","Divine"
"Enhance Senses","Occult"
"Enhance Senses","Primal"
"Entangle Fate","Arcane"
"Entangle Fate","Occult"
"False Nature","Arcane"
"False Nature","Occult"
"Favorable Review","Arcane"
"Favorable Review","Occult"
"Fey Form","Occult"
"Fey Form","Primal"
"Fire Shield","Arcane"
"Fire Shield","Primal"
"Flicker","Arcane"
"Flicker","Occult"
"Fly","Arcane"
"Fly","Divine"
"Fly","Occult"
"Fly","Primal"
"Fly","Elemental"
"Forgotten Lines","Arcane"
"Forgotten Lines","Divine"
"Forgotten Lines","Occult"
"Ghostly Tragedy","Divine"
"Ghostly Tragedy","Occult"
"Girzanje's March","Divine"
"Girzanje's March","Occult"
"Glass Form","Arcane"
"Glass Form","Primal"
"Grasp of the Deep","Arcane"
"Grasp of the Deep","Primal"
"Grasping Earth","Arcane"
"Grasping Earth","Primal"
"Holy Cascade","Divine"
"Honeyed Words","Occult"
"Hydraulic Torrent","Primal"
"Ice Storm","Arcane"
"Ice Storm","Primal"
"Implement of Destruction","Divine"
"Implement of Destruction","Occult"
"Infectious Melody","Occult"
"Internal Insurrection","Divine"
"Internal Insurrection","Occult"
"Invisibility Curtain","Arcane"
"Invisibility Curtain","Occult"
"Life's Flowing River","Occult"
"Life's Fresh Bloom","Divine"
"Life's Fresh Bloom","Primal"
"Life-Draining Roots","Arcane"
"Life-Draining Roots","Primal"
"Liminal Doorway","Arcane"
"Liminal Doorway","Occult"
"Luring Wail","Occult"
"Luring Wail","Primal"
"Magic Mailbox","Arcane"
"Magic Mailbox","Divine"
"Magic Mailbox","Occult"
"Mantis's Grasp","Arcane"
"Mantis's Grasp","Divine"
"Mercurial Stride","Arcane"
"Mercurial Stride","Occult"
"Mirage","Arcane"
"Mirage","Occult"
"Mirage","Primal"
"Mirror's Misfortune","Arcane"
"Mirror's Misfortune","Occult"
"Misty Memory","Arcane"
"Misty Memory","Divine"
"Misty Memory","Primal"
"Morass of Ages","Arcane"
"Morass of Ages","Occult"
"Mountain Resilience","Arcane"
"Mountain Resilience","Primal"
"Movanic Glimmer","Divine"
"Movanic Glimmer","Primal"
"Murderous Vine","Primal"
"Necrotic Radiation","Arcane"
"Necrotic Radiation","Divine"
"Necrotic Radiation","Occult"
"Nightmare","Arcane"
"Nightmare","Occult"
"Ocular Overload","Arcane"
"Ocular Overload","Occult"
"Ocular Overload","Primal"
"Outcast's Curse","Arcane"
"Outcast's Curse","Divine"
"Outcast's Curse","Occult"
"Painful Vibrations","Divine"
"Painful Vibrations","Occult"
"Peaceful Bubble","Arcane"
"Peaceful Bubble","Occult"
"Pernicious Poltergeist","Divine"
"Pernicious Poltergeist","Occult"
"Petal Storm","Primal"
"Phantasmal Protagonist","Divine"
"Phantasmal Protagonist","Occult"
"Phoenix Ward","Divine"
"Phoenix Ward","Primal"
"Planar Tether","Arcane"
"Planar Tether","Divine"
"Planar Tether","Occult"
"Procyal Philosophy","Arcane"
"Procyal Philosophy","Divine"
"Procyal Philosophy","Occult"
"Prophet's Luck","Arcane"
"Prophet's Luck","Divine"
"Radiant Beam","Divine"
"Radiant Beam","Primal"
"Radiant Heart of Devotion","Divine"
"Radiant Heart of Devotion","Primal"
"Ravenous Portal","Arcane"
"Ravenous Portal","Occult"
"Read Omens","Divine"
"Read Omens","Occult"
"Rebounding Barrier","Arcane"
"Rebounding Barrier","Occult"
"Reflective Scales","Arcane"
"Reflective Scales","Primal"
"Replicate","Arcane"
"Replicate","Occult"
"Rewrite Memory","Occult"
"Rigid Form","Arcane"
"Rigid Form","Primal"
"Rust Cloud","Arcane"
"Rust Cloud","Primal"
"Rusting Grasp","Primal"
"Sacred Nimbus","Divine"
"Sacred Nimbus","Primal"
"Sage's Curse","Arcane"
"Sage's Curse","Occult"
"Sanguine Mist","Arcane"
"Sanguine Mist","Divine"
"Sanguine Mist","Occult"
"Seal Fate","Arcane"
"Seal Fate","Divine"
"Seal Fate","Occult"
"Shape Stone","Arcane"
"Shape Stone","Primal"
"Sliding Blocks","Arcane"
"Sliding Blocks","Primal"
"Snake Fangs","Primal"
"Soft Landing","Arcane"
"Soft Landing","Occult"
"Soft Landing","Primal"
"Solid Fog","Arcane"
"Solid Fog","Primal"
"Soothing Spring","Divine"
"Soothing Spring","Primal"
"Spell Immunity","Arcane"
"Spell Immunity","Divine"
"Spell Immunity","Occult"
"Spike Stones","Primal"
"Spiritual Anamnesis","Divine"
"Spiritual Anamnesis","Occult"
"Spiritual Attunement","Divine"
"Spiritual Attunement","Occult"
"Steal Voice","Arcane"
"Steal Voice","Divine"
"Steal Voice","Occult"
"Stifling Stillness","Arcane"
"Stifling Stillness","Primal"
"Stonesense","Arcane"
"Stonesense","Divine"
"Stonesense","Primal"
"Suggestion","Arcane"
"Suggestion","Occult"
"Swarming Wasp Stings","Arcane"
"Swarming Wasp Stings","Primal"
"Talking Corpse","Divine"
"Talking Corpse","Occult"
"Telepathy","Arcane"
"Telepathy","Occult"
"Tomorrow's Dawn","Occult"
"Tomorrow's Dawn","Primal"
"Tortoise and the Hare","Occult"
"Tortoise and the Hare","Primal"
"Translocate","Arcane"
"Translocate","Occult"
"Umbral Graft","Arcane"
"Umbral Graft","Occult"
"Unfettered Movement","Arcane"
"Unfettered Movement","Divine"
"Unfettered Movement","Primal"
"Vampiric Maiden","Arcane"
"Vampiric Maiden","Divine"
"Vampiric Maiden","Occult"
"Vapor Form","Arcane"
"Vapor Form","Occult"
"Vapor Form","Primal"
"Variable Gravity","Arcane"
"Variable Gravity","Occult"
"Vision of Beauty","Arcane"
"Vision of Beauty","Occult"
"Vision of Death","Arcane"
"Vision of Death","Occult"
"Vital Beacon","Divine"
"Vital Beacon","Primal"
"Wall of Fire","Arcane"
"Wall of Fire","Primal"
"Wall of Mirrors","Arcane"
"Wall of Mirrors","Occult"
"Weapon Storm","Arcane"
"Weapon Storm","Primal"
"Whispers of the Void","Divine"
"Whispers of the Void","Occult"
"Winning Streak","Arcane"
"Winning Streak","Occult"
"Ymeri's Mark","Arcane"
"Ymeri's Mark","Divine"
"Ymeri's Mark","Primal"
"Zephyr Slip","Arcane"
"Zephyr Slip","Primal"
"Aberrant Form","Occult"
"Abyssal Plague","Divine"
"Abyssal Plague","Occult"
"Acid Storm","Arcane"
"Acid Storm","Primal"
"Bandit's Doom","Arcane"
"Bandit's Doom","Divine"
"Bandit's Doom","Occult"
"Banishment","Arcane"
"Banishment","Divine"
"Banishment","Occult"
"Banishment","Primal"
"Banishment","Elemental"
"Belittling Boast","Arcane"
"Belittling Boast","Divine"
"Belittling Boast","Occult"
"Blackfinger's Blades","Divine"
"Blackfinger's Blades","Primal"
"Blazing Fissure","Arcane"
"Blazing Fissure","Primal"
"Blessing of Defiance","Divine"
"Blessing of Defiance","Primal"
"Blind Eye","Arcane"
"Blind Eye","Occult"
"Blinding Foam","Arcane"
"Blinding Foam","Occult"
"Blinding Foam","Primal"
"Blink Charge","Arcane"
"Blink Charge","Divine"
"Blink Charge","Occult"
"Blister","Arcane"
"Blister","Occult"
"Blister","Primal"
"Blood Feast","Arcane"
"Blood Feast","Divine"
"Blood Feast","Occult"
"Breath of Life","Divine"
"Chameleon Coat","Primal"
"Chromatic Wall","Arcane"
"Chromatic Wall","Occult"
"Cloak of Colors","Arcane"
"Cloak of Colors","Occult"
"Confusing Cry","Divine"
"Confusing Cry","Primal"
"Control Water","Arcane"
"Control Water","Primal"
"Corrosive Muck","Arcane"
"Corrosive Muck","Primal"
"Death Ward","Divine"
"Death Ward","Occult"
"Death Ward","Primal"
"Desperate Repair","Arcane"
"Desperate Repair","Primal"
"Divine Immolation","Divine"
"Dreaming Potential","Occult"
"Drop Dead","Arcane"
"Drop Dead","Divine"
"Drop Dead","Occult"
"Ectoplasmic Expulsion","Occult"
"Elemental Breath","Arcane"
"Elemental Breath","Primal"
"Elemental Breath","Elemental"
"Elemental Form","Arcane"
"Elemental Form","Primal"
"Elemental Form","Elemental"
"Engrave Memory","Arcane"
"Engrave Memory","Primal"
"Entwined Roots","Arcane"
"Entwined Roots","Primal"
"Etheric Shards","Arcane"
"Etheric Shards","Occult"
"False Vision","Arcane"
"False Vision","Occult"
"Fire's Pathway","Arcane"
"Fire's Pathway","Primal"
"Flame Dancer","Arcane"
"Flame Dancer","Occult"
"Flame Dancer","Primal"
"Flames of Ego","Arcane"
"Flames of Ego","Occult"
"Flames of Ego","Primal"
"Flammable Fumes","Arcane"
"Flammable Fumes","Primal"
"Flowing Strike","Arcane"
"Flowing Strike","Primal"
"Forceful Hand","Arcane"
"Forceful Hand","Occult"
"Freezing Rain","Arcane"
"Freezing Rain","Primal"
"Geyser","Arcane"
"Geyser","Primal"
"Glimmer of Charm","Arcane"
"Glimmer of Charm","Occult"
"Glimmer of Charm","Primal"
"Grisly Growths","Arcane"
"Grisly Growths","Primal"
"Hallucination","Arcane"
"Hallucination","Occult"
"Healing Well","Divine"
"Healing Well","Primal"
"Howling Blizzard","Arcane"
"Howling Blizzard","Primal"
"Illusory Scene","Arcane"
"Illusory Scene","Occult"
"Imaginary Lockbox","Arcane"
"Imaginary Lockbox","Occult"
"Impaling Spike","Arcane"
"Impaling Spike","Primal"
"Incendiary Fog","Arcane"
"Incendiary Fog","Primal"
"Inevitable Disaster","Divine"
"Inevitable Disaster","Occult"
"Infectious Comedy","Arcane"
"Infectious Comedy","Occult"
"Invoke Spirits","Arcane"
"Invoke Spirits","Divine"
"Invoke Spirits","Occult"
"Lashunta's Life Bubble","Arcane"
"Lashunta's Life Bubble","Divine"
"Lashunta's Life Bubble","Primal"
"Lightning Storm","Primal"
"Magic Passage","Arcane"
"Magic Passage","Primal"
"Mantle of the Frozen Heart","Arcane"
"Mantle of the Frozen Heart","Primal"
"Mantle of the Magma Heart","Arcane"
"Mantle of the Magma Heart","Primal"
"Mantle of the Melting Heart","Arcane"
"Mantle of the Melting Heart","Primal"
"Mantle of the Unwavering Heart","Arcane"
"Mantle of the Unwavering Heart","Primal"
"Mariner's Curse","Arcane"
"Mariner's Curse","Occult"
"Mariner's Curse","Primal"
"Mind Probe","Arcane"
"Mind Probe","Occult"
"Mirecloak","Divine"
"Mirecloak","Occult"
"Mirror Malefactors","Arcane"
"Mirror Malefactors","Divine"
"Mirror Malefactors","Occult"
"Moon Frenzy","Primal"
"Nature's Pathway","Primal"
"Pillars of Sand","Arcane"
"Pillars of Sand","Primal"
"Plant Form","Primal"
"Portrait of the Artist","Occult"
"Pressure Zone","Arcane"
"Pressure Zone","Primal"
"Quicken Time","Arcane"
"Quicken Time","Occult"
"Rallying Banner","Divine"
"Rallying Banner","Occult"
"Ravening Maw","Divine"
"Ravening Maw","Occult"
"Ravening Maw","Primal"
"Repelling Pulse","Divine"
"Repelling Pulse","Occult"
"Return Beacon","Arcane"
"Return Beacon","Occult"
"Rewinding Step","Arcane"
"Rewinding Step","Divine"
"Rewinding Step","Occult"
"Rip the Spirit","Divine"
"Rip the Spirit","Occult"
"Ritual Obstruction","Arcane"
"Ritual Obstruction","Divine"
"Ritual Obstruction","Occult"
"Ritual Obstruction","Primal"
"Sawtooth Terrain","Arcane"
"Sawtooth Terrain","Divine"
"Sawtooth Terrain","Primal"
"Scouring Pulse","Arcane"
"Scouring Pulse","Divine"
"Scouring Pulse","Occult"
"Scouting Eye","Arcane"
"Scouting Eye","Divine"
"Scouting Eye","Occult"
"Sending","Arcane"
"Sending","Divine"
"Sending","Occult"
"Shadow Blast","Divine"
"Shadow Blast","Occult"
"Shadow Siphon","Arcane"
"Shadow Siphon","Occult"
"Slither","Arcane"
"Slither","Occult"
"Soulshelter Vessel","Divine"
"Soulshelter Vessel","Occult"
"Soulshelter Vessel","Primal"
"Speak with Stones","Divine"
"Speak with Stones","Occult"
"Speak with Stones","Primal"
"Spiritual Guardian","Divine"
"Spiritual Torrent","Divine"
"Spiritual Torrent","Occult"
"Stagnate Time","Arcane"
"Stagnate Time","Occult"
"Stormburst","Primal"
"Strange Geometry","Occult"
"Subconscious Suggestion","Arcane"
"Subconscious Suggestion","Occult"
"Summon Anarch","Divine"
"Summon Axiom","Divine"
"Summon Celestial","Divine"
"Summon Dragon","Arcane"
"Summon Dragon","Divine"
"Summon Dragon","Occult"
"Summon Dragon","Primal"
"Summon Entity","Occult"
"Summon Fiend","Divine"
"Summon Giant","Primal"
"Summon Giant","Elemental"
"Summon Healing Servitor","Divine"
"Summon Healing Servitor","Primal"
"Summon Monitor","Divine"
"Synaptic Pulse","Occult"
"Synesthesia","Occult"
"Telekinetic Haul","Arcane"
"Telekinetic Haul","Occult"
"Telepathic Bond","Arcane"
"Telepathic Bond","Occult"
"Temporary Glyph","Arcane"
"Temporary Glyph","Divine"
"Temporary Glyph","Occult"
"Temporary Glyph","Primal"
"Temporary Glyph","Elemental"
"Toxic Cloud","Arcane"
"Toxic Cloud","Primal"
"Transmute Rock and Mud","Arcane"
"Transmute Rock and Mud","Primal"
"Truespeech","Arcane"
"Truespeech","Divine"
"Truespeech","Occult"
"Umbral Journey","Arcane"
"Umbral Journey","Occult"
"Wall of Flesh","Divine"
"Wall of Flesh","Occult"
"Wall of Flesh","Primal"
"Wall of Ice","Arcane"
"Wall of Ice","Primal"
"Wall of Stone","Arcane"
"Wall of Stone","Primal"
"Wave of Despair","Arcane"
"Wave of Despair","Occult"
"Wisdom of the Winds","Arcane"
"Wisdom of the Winds","Divine"
"Wisdom of the Winds","Occult"
"Wisdom of the Winds","Primal"
"Wyvern Sting","Arcane"
"Wyvern Sting","Primal"
"Arrow Salvo","Arcane"
"Arrow Salvo","Primal"
"Aura of the Unremarkable","Arcane"
"Aura of the Unremarkable","Occult"
"Awaken Entropy","Arcane"
"Awaken Entropy","Divine"
"Awaken Entropy","Occult"
"Blanket of Stars","Occult"
"Blanket of Stars","Primal"
"Blessed Boundary","Divine"
"Blinding Fury","Divine"
"Blinding Fury","Occult"
"Blinding Fury","Primal"
"Bound in Death","Arcane"
"Bound in Death","Divine"
"Bound in Death","Occult"
"Cast into Time","Arcane"
"Cast into Time","Occult"
"Catch Your Name","Arcane"
"Catch Your Name","Divine"
"Catch Your Name","Occult"
"Catch Your Name","Primal"
"Chain Lightning","Arcane"
"Chain Lightning","Primal"
"Chromatic Image","Arcane"
"Chromatic Image","Occult"
"Collective Transposition","Arcane"
"Collective Transposition","Occult"
"Crimson Breath","Arcane"
"Crimson Breath","Divine"
"Crimson Breath","Primal"
"Cursed Metamorphosis","Arcane"
"Cursed Metamorphosis","Occult"
"Cursed Metamorphosis","Primal"
"Daemon Form","Arcane"
"Daemon Form","Divine"
"Demon Form","Arcane"
"Demon Form","Divine"
"Devil Form","Arcane"
"Devil Form","Divine"
"Disintegrate","Arcane"
"Dominate","Arcane"
"Dominate","Divine"
"Dominate","Occult"
"Dragon Form","Arcane"
"Dragon Form","Divine"
"Dragon Form","Occult"
"Dragon Form","Primal"
"Elemental Confluence","Arcane"
"Elemental Confluence","Primal"
"Elemental Confluence","Elemental"
"Fateful Condemnation","Divine"
"Fateful Condemnation","Occult"
"Field of Life","Divine"
"Field of Life","Primal"
"Field of Razors","Arcane"
"Field of Razors","Primal"
"Flame Vortex","Arcane"
"Flame Vortex","Primal"
"Frost Pillar","Arcane"
"Frost Pillar","Primal"
"Gray Shadow","Divine"
"Hag's Fruit","Occult"
"Hag's Fruit","Primal"
"Halcyon Infusion","Arcane"
"Halcyon Infusion","Primal"
"Heinous Future","Divine"
"Heinous Future","Occult"
"Lignify","Arcane"
"Lignify","Primal"
"Lure Dream","Occult"
"Mantle of Heaven's Slopes","Divine"
"Mislead","Arcane"
"Mislead","Occult"
"Nature's Reprisal","Primal"
"Necrotize","Arcane"
"Necrotize","Divine"
"Necrotize","Primal"
"Never Mind","Arcane"
"Never Mind","Occult"
"Personal Ocean","Arcane"
"Personal Ocean","Primal"
"Petrify","Arcane"
"Petrify","Primal"
"Phantasmal Calamity","Arcane"
"Phantasmal Calamity","Occult"
"Phantom Orchestra","Arcane"
"Phantom Orchestra","Occult"
"Phantom Orchestra","Primal"
"Poltergeist's Fury","Arcane"
"Poltergeist's Fury","Occult"
"Purple Worm Sting","Arcane"
"Purple Worm Sting","Primal"
"Raise Dead","Divine"
"Ravenous Darkness","Arcane"
"Ravenous Darkness","Divine"
"Ravenous Darkness","Occult"
"Repulsion","Arcane"
"Repulsion","Divine"
"Repulsion","Occult"
"Rose's Thorns","Primal"
"Sacred Form","Divine"
"Scintillating Safeguard","Divine"
"Scintillating Safeguard","Occult"
"Scintillating Safeguard","Primal"
"Scrying","Arcane"
"Scrying","Occult"
"Spellwrack","Arcane"
"Spellwrack","Divine"
"Spellwrack","Occult"
"Spirit Blast","Divine"
"Spirit Blast","Occult"
"Stone to Flesh","Divine"
"Stone to Flesh","Primal"
"Suffocate","Arcane"
"Suffocate","Divine"
"Suspended Retribution","Divine"
"Suspended Retribution","Occult"
"Tangling Creepers","Arcane"
"Tangling Creepers","Primal"
"Teleport","Arcane"
"Teleport","Occult"
"Teleport","Elemental"
"Temporal Ward","Arcane"
"Temporal Ward","Divine"
"Temporal Ward","Occult"
"Tree of Seasons","Primal"
"Truesight","Arcane"
"Truesight","Divine"
"Truesight","Occult"
"Truesight","Primal"
"Truesight","Elemental"
"Unexpected Transposition","Arcane"
"Unexpected Transposition","Occult"
"Vampiric Exsanguination","Arcane"
"Vampiric Exsanguination","Divine"
"Vampiric Exsanguination","Occult"
"Vibrant Pattern","Arcane"
"Vibrant Pattern","Occult"
"Vitrifying Blast","Arcane"
"Vitrifying Blast","Primal"
"Wall of Force","Arcane"
"Wall of Force","Occult"
"Wall of Metal","Arcane"
"Wall of Metal","Primal"
"Word of Revision","Arcane"
"Word of Revision","Occult"
"Zealous Conviction","Divine"
"Zealous Conviction","Occult"
"Zero Gravity","Arcane"
"Zero Gravity","Occult"
"Angel Form","Divine"
"Beheading Buzz Saw","Arcane"
"Blightburn Blast","Arcane"
"Blightburn Blast","Occult"
"Blightburn Blast","Primal"
"Contingency","Arcane"
"Control Sand","Arcane"
"Control Sand","Primal"
"Corrosive Body","Arcane"
"Corrosive Body","Primal"
"Cosmic Form","Divine"
"Cosmic Form","Primal"
"Curse of the Spirit Orchestra","Occult"
"Dancing Fountain","Arcane"
"Dancing Fountain","Primal"
"Deity's Strike","Divine"
"Divine Decree","Divine"
"Divine Vessel","Divine"
"Duplicate Foe","Arcane"
"Duplicate Foe","Occult"
"Eclipse Burst","Arcane"
"Eclipse Burst","Divine"
"Eclipse Burst","Primal"
"Energy Aegis","Arcane"
"Energy Aegis","Divine"
"Energy Aegis","Occult"
"Energy Aegis","Primal"
"Energy Aegis","Elemental"
"Entrancing Eyes","Arcane"
"Ethereal Jaunt","Divine"
"Ethereal Jaunt","Occult"
"Execute","Divine"
"Execute","Primal"
"Fiery Body","Arcane"
"Fiery Body","Primal"
"Frigid Flurry","Arcane"
"Frigid Flurry","Primal"
"Heaving Earth","Arcane"
"Heaving Earth","Primal"
"Hungry Depths","Arcane"
"Hungry Depths","Primal"
"Inexhaustible Cynicism","Arcane"
"Inexhaustible Cynicism","Divine"
"Inexhaustible Cynicism","Occult"
"Interplanar Teleport","Arcane"
"Interplanar Teleport","Divine"
"Interplanar Teleport","Occult"
"Interplanar Teleport","Primal"
"Interplanar Teleport","Elemental"
"Leng Sting","Arcane"
"Leng Sting","Occult"
"Lifewood Cage","Arcane"
"Lifewood Cage","Primal"
"Mask of Terror","Arcane"
"Mask of Terror","Occult"
"Mask of Terror","Primal"
"Maze of Locked Doors","Arcane"
"Maze of Locked Doors","Occult"
"Momentary Recovery","Arcane"
"Momentary Recovery","Occult"
"Moonburst","Divine"
"Moonburst","Primal"
"Planar Palace","Arcane"
"Planar Palace","Occult"
"Planar Seal","Arcane"
"Planar Seal","Divine"
"Planar Seal","Occult"
"Planar Seal","Elemental"
"Pollen Pods","Arcane"
"Pollen Pods","Primal"
"Possession","Occult"
"Power Word Blind","Arcane"
"Prismatic Armor","Arcane"
"Prismatic Armor","Occult"
"Prismatic Spray","Arcane"
"Prismatic Spray","Occult"
"Project Image","Arcane"
"Project Image","Occult"
"Regenerate","Divine"
"Regenerate","Primal"
"Retrocognition","Arcane"
"Retrocognition","Occult"
"Return to Essence","Arcane"
"Return to Essence","Divine"
"Return to Essence","Occult"
"Reverse Gravity","Arcane"
"Reverse Gravity","Occult"
"Shadow Raid","Arcane"
"Shadow Raid","Occult"
"Shock to the System","Divine"
"Shock to the System","Occult"
"Shock to the System","Primal"
"Spell Riposte","Arcane"
"Spell Riposte","Divine"
"Spell Riposte","Occult"
"Spell Turning","Arcane"
"Summon Stampede","Primal"
"Sunburst","Divine"
"Sunburst","Primal"
"Telekinetic Bombardment","Arcane"
"Telekinetic Bombardment","Occult"
"Tempest of Shades","Arcane"
"Tempest of Shades","Divine"
"Tempest of Shades","Occult"
"Time Beacon","Arcane"
"Time Beacon","Occult"
"True Target","Arcane"
"True Target","Occult"
"Unfettered Pack","Primal"
"Unfettered Pack","Elemental"
"Vacuum","Arcane"
"Vacuum","Primal"
"Visions of Danger","Occult"
"Volcanic Eruption","Primal"
"Warp Mind","Arcane"
"Warp Mind","Occult"
"All is One, One is All","Arcane"
"All is One, One is All","Primal"
"Antimagic Field","Arcane"
"Antimagic Field","Divine"
"Antimagic Field","Occult"
"Arctic Rift","Arcane"
"Arctic Rift","Primal"
"Boil Blood","Arcane"
"Boil Blood","Primal"
"Burning Blossoms","Arcane"
"Burning Blossoms","Primal"
"Canticle of Everlasting Grief","Divine"
"Canticle of Everlasting Grief","Occult"
"Clone Companion","Primal"
"Confusing Colors","Arcane"
"Confusing Colors","Occult"
"Deluge","Arcane"
"Deluge","Primal"
"Desiccate","Arcane"
"Desiccate","Primal"
"Devour Life","Divine"
"Devour Life","Occult"
"Disappearance","Arcane"
"Disappearance","Occult"
"Divine Armageddon","Divine"
"Divine Aura","Divine"
"Divine Inspiration","Divine"
"Dream Council","Arcane"
"Dream Council","Occult"
"Earthquake","Arcane"
"Earthquake","Primal"
"Falling Sky","Arcane"
"Falling Sky","Occult"
"Ferrous Form","Arcane"
"Ferrous Form","Primal"
"Hidden Mind","Arcane"
"Hidden Mind","Occult"
"Hypnopompic Terrors","Occult"
"Migration","Primal"
"Moment of Renewal","Divine"
"Moment of Renewal","Primal"
"Monstrosity Form","Arcane"
"Monstrosity Form","Primal"
"Pinpoint","Arcane"
"Pinpoint","Divine"
"Pinpoint","Occult"
"Power Word Stun","Arcane"
"Prismatic Wall","Arcane"
"Prismatic Wall","Occult"
"Prying Survey","Arcane"
"Prying Survey","Occult"
"Punishing Winds","Primal"
"Quandary","Arcane"
"Quandary","Occult"
"Rainbow Fumarole","Arcane"
"Rainbow Fumarole","Primal"
"Spirit Song","Divine"
"Spirit Song","Occult"
"Spiritual Epidemic","Divine"
"Spiritual Epidemic","Occult"
"Summon Archmage","Arcane"
"Summon Deific Herald","Divine"
"Summon Elemental Herald","Arcane"
"Summon Elemental Herald","Divine"
"Summon Elemental Herald","Primal"
"Summon Elemental Herald","Elemental"
"Summon Irii","Arcane"
"Summon Irii","Occult"
"Summon Warden of the Wild","Primal"
"Uncontrollable Dance","Arcane"
"Uncontrollable Dance","Occult"
"Undermine Reality","Arcane"
"Undermine Reality","Occult"
"Unrelenting Observation","Arcane"
"Unrelenting Observation","Occult"
"Whirlpool","Arcane"
"Whirlpool","Primal"
"Whirlwind","Primal"
"Astral Labyrinth","Arcane"
"Astral Labyrinth","Divine"
"Astral Labyrinth","Occult"
"Bilocation","Arcane"
"Bilocation","Occult"
"Call Fluxwraith","Arcane"
"Call Fluxwraith","Divine"
"Call Fluxwraith","Occult"
"Crusade","Divine"
"Detonate Magic","Arcane"
"Detonate Magic","Primal"
"Divinity Leech","Arcane"
"Divinity Leech","Occult"
"Falling Stars","Arcane"
"Falling Stars","Primal"
"Foresight","Arcane"
"Foresight","Divine"
"Foresight","Occult"
"Implosion","Arcane"
"Implosion","Primal"
"Linnorm Sting","Arcane"
"Linnorm Sting","Primal"
"Magnetic Dominion","Arcane"
"Magnetic Dominion","Primal"
"Massacre","Arcane"
"Massacre","Divine"
"Massacre","Primal"
"Metamorphosis","Arcane"
"Metamorphosis","Primal"
"Natureâ€™s Enmity","Primal"
"One with the Land","Primal"
"Overwhelming Presence","Divine"
"Overwhelming Presence","Occult"
"Phantasmagoria","Arcane"
"Phantasmagoria","Occult"
"Power Word Kill","Arcane"
"Prismatic Shield","Arcane"
"Prismatic Shield","Occult"
"Prismatic Sphere","Arcane"
"Prismatic Sphere","Occult"
"Proliferating Eyes","Arcane"
"Proliferating Eyes","Divine"
"Proliferating Eyes","Occult"
"Resplendent Mansion","Arcane"
"Resplendent Mansion","Occult"
"Seize Soul","Divine"
"Seize Soul","Occult"
"Summon Ancient Fleshforged","Arcane"
"Summon Ancient Fleshforged","Occult"
"Summon Draconic Legion","Arcane"
"Telepathic Demand","Arcane"
"Telepathic Demand","Divine"
"Telepathic Demand","Occult"
"Undertaker","Divine"
"Undertaker","Occult"
"Unfathomable Song","Occult"
"Unspeakable Shadow","Arcane"
"Unspeakable Shadow","Occult"
"Upheaval","Arcane"
"Upheaval","Primal"
"Voracious Gestalt","Divine"
"Voracious Gestalt","Occult"
"Wails of the Damned","Divine"
"Wails of the Damned","Occult"
"Weapon of Judgment","Divine"
"Wrathful Storm","Primal"
"Wrathful Storm","Elemental"
"Avatar","Divine"
"Cataclysm","Arcane"
"Cataclysm","Primal"
"Cataclysm","Elemental"
"Dinosaur Fort","Primal"
"Element Embodied","Primal"
"Element Embodied","Elemental"
"Fabricated Truth","Occult"
"Fated Confrontation","Arcane"
"Fated Confrontation","Divine"
"Fated Confrontation","Occult"
"Fated Confrontation","Primal"
"Freeze Time","Arcane"
"Freeze Time","Occult"
"Gate","Arcane"
"Gate","Divine"
"Gate","Occult"
"Gate","Elemental"
"Indestructibility","Arcane"
"Indestructibility","Divine"
"Indestructibility","Occult"
"Indestructibility","Primal"
"Indestructibility","Elemental"
"Manifestation","Arcane"
"Manifestation","Divine"
"Manifestation","Occult"
"Manifestation","Primal"
"Nature Incarnate","Primal"
"Nullify","Arcane"
"Nullify","Divine"
"Nullify","Occult"
"Nullify","Primal"
"Nullify","Elemental"
"Primal Herd","Primal"
"Remake","Arcane"
"Remake","Divine"
"Remake","Occult"
"Remake","Primal"
"Remake","Elemental"
"Revival","Divine"
"Revival","Primal"
"Shadow Army","Arcane"
"Shadow Army","Occult"
"Summon Kaiju","Primal"
